-- phpMyAdmin SQL Dump
-- version 4.9.0.1
-- https://www.phpmyadmin.net/
--
-- Host: 127.0.0.1
-- Generation Time: Feb 01, 2020 at 02:53 PM
-- Server version: 10.4.6-MariaDB
-- PHP Version: 7.3.9

SET SQL_MODE = "NO_AUTO_VALUE_ON_ZERO";
SET AUTOCOMMIT = 0;
START TRANSACTION;
SET time_zone = "+00:00";


/*!40101 SET @OLD_CHARACTER_SET_CLIENT=@@CHARACTER_SET_CLIENT */;
/*!40101 SET @OLD_CHARACTER_SET_RESULTS=@@CHARACTER_SET_RESULTS */;
/*!40101 SET @OLD_COLLATION_CONNECTION=@@COLLATION_CONNECTION */;
/*!40101 SET NAMES utf8mb4 */;

--
-- Database: `laravel62`
--

-- --------------------------------------------------------

--
-- Table structure for table `address`
--

CREATE TABLE `address` (
  `id` int(10) UNSIGNED NOT NULL,
  `user_id` int(10) UNSIGNED NOT NULL,
  `location_id` int(10) UNSIGNED NOT NULL,
  `address_details` text COLLATE utf8mb4_unicode_ci DEFAULT NULL,
  `updated_at` timestamp NULL DEFAULT NULL,
  `created_at` timestamp NULL DEFAULT NULL
) ENGINE=InnoDB DEFAULT CHARSET=utf8mb4 COLLATE=utf8mb4_unicode_ci;

--
-- Dumping data for table `address`
--

INSERT INTO `address` (`id`, `user_id`, `location_id`, `address_details`, `updated_at`, `created_at`) VALUES
(24, 3, 1, 'New Jersey, New Old Road', '2020-01-23 21:17:13', NULL),
(25, 5, 5, 'NewYork', '2020-01-29 19:56:49', NULL),
(26, 2, 1, 'New Jersey, New Old Road', '2020-01-16 10:52:54', '2020-01-11 20:18:47'),
(27, 4, 1, 'fdfgfdg', '2020-01-11 21:00:32', '2020-01-11 20:19:54'),
(28, 6, 1, 'Derf', '2020-01-12 00:08:30', '2020-01-11 21:47:01'),
(29, 7, 1, 'dfgdfg', NULL, NULL),
(30, 8, 1, '23 New Jersey', NULL, NULL),
(31, 9, 1, 'New Road', NULL, NULL),
(32, 10, 1, 'New Welin', NULL, NULL),
(33, 11, 1, '95232 Beer Summit', NULL, NULL),
(34, 12, 1, 'New Jersey, New Old Road', NULL, NULL),
(35, 13, 1, '860 Prince Divide', NULL, NULL),
(36, 14, 1, '023 Hackett Manors', NULL, NULL),
(37, 15, 1, NULL, '2020-01-24 16:42:42', NULL),
(38, 16, 1, '1123 main road', NULL, NULL),
(39, 17, 1, NULL, '2020-01-24 16:47:03', NULL),
(40, 22, 1, '6314 Lubowitz Parkway', NULL, NULL);

-- --------------------------------------------------------

--
-- Table structure for table `cleaner_calendar`
--

CREATE TABLE `cleaner_calendar` (
  `id` bigint(20) UNSIGNED NOT NULL,
  `cleaner_id` int(11) NOT NULL,
  `dtd` date DEFAULT NULL,
  `start_time` int(11) NOT NULL DEFAULT 900,
  `end_time` int(11) NOT NULL DEFAULT 1800,
  `status` int(11) NOT NULL DEFAULT 0,
  `created_at` timestamp NULL DEFAULT NULL,
  `updated_at` timestamp NULL DEFAULT NULL
) ENGINE=InnoDB DEFAULT CHARSET=utf8mb4 COLLATE=utf8mb4_unicode_ci;

--
-- Dumping data for table `cleaner_calendar`
--

INSERT INTO `cleaner_calendar` (`id`, `cleaner_id`, `dtd`, `start_time`, `end_time`, `status`, `created_at`, `updated_at`) VALUES
(1, 2, '2020-01-22', 7, 18, 0, '2020-01-11 11:22:45', '2020-01-11 11:22:45'),
(2, 2, '2020-01-11', 7, 18, 0, '2020-01-11 11:23:16', '2020-01-11 11:23:16'),
(3, 2, '2020-01-12', 7, 18, 0, '2020-01-11 11:23:49', '2020-01-11 11:23:49'),
(4, 2, '2020-01-13', 7, 18, 0, '2020-01-11 11:24:07', '2020-01-11 11:24:07'),
(5, 2, '2020-01-14', 7, 18, 0, '2020-01-11 11:24:25', '2020-01-11 11:24:25'),
(6, 2, '2020-01-15', 7, 10, 0, '2020-01-11 11:24:46', '2020-01-11 11:24:46'),
(7, 2, '2020-01-15', 11, 14, 0, '2020-01-11 11:25:08', '2020-01-11 11:25:08'),
(8, 2, '2020-01-15', 16, 18, 0, '2020-01-11 11:25:26', '2020-01-11 11:25:26'),
(9, 3, '2020-01-11', 7, 14, 0, '2020-01-11 11:29:30', '2020-01-11 11:29:30'),
(10, 3, '2020-01-12', 9, 15, 0, '2020-01-11 11:29:50', '2020-01-11 11:29:50'),
(11, 3, '2020-01-13', 7, 14, 0, '2020-01-11 11:30:05', '2020-01-11 11:30:05'),
(12, 3, '2020-01-14', 9, 14, 0, '2020-01-11 11:30:24', '2020-01-11 11:30:24'),
(13, 3, '2020-01-15', 9, 11, 0, '2020-01-11 11:30:43', '2020-01-11 11:30:43'),
(14, 3, '2020-01-15', 14, 18, 0, '2020-01-11 11:31:00', '2020-01-11 11:31:00'),
(15, 3, '2020-01-16', 7, 18, 0, '2020-01-11 11:31:14', '2020-01-11 11:31:14'),
(17, 4, '2020-01-13', 15, 18, 0, '2020-01-11 11:36:24', '2020-01-11 11:36:24'),
(18, 4, '2020-01-15', 7, 18, 0, '2020-01-11 11:36:38', '2020-01-11 11:36:38'),
(19, 4, '2020-01-14', 10, 18, 0, '2020-01-11 11:36:59', '2020-01-11 11:36:59'),
(20, 4, '2020-01-16', 9, 13, 0, '2020-01-11 11:37:23', '2020-01-11 11:37:23'),
(21, 4, '2020-01-16', 14, 18, 0, '2020-01-11 12:01:10', '2020-01-11 12:01:10'),
(22, 3, '2020-01-17', 9, 13, 0, '2020-01-11 19:45:22', '2020-01-11 19:45:22'),
(23, 3, '2020-01-17', 15, 17, 0, '2020-01-11 19:46:02', '2020-01-11 19:46:02'),
(24, 3, '2020-01-18', 7, 9, 0, '2020-01-11 19:46:21', '2020-01-11 19:46:21'),
(25, 3, '2020-01-18', 11, 14, 0, '2020-01-11 19:46:47', '2020-01-11 19:46:47'),
(26, 3, '2020-01-18', 16, 18, 0, '2020-01-11 19:47:15', '2020-01-11 19:47:15'),
(27, 3, '2020-01-19', 7, 9, 0, '2020-01-11 19:47:59', '2020-01-11 19:47:59'),
(28, 3, '2020-01-19', 10, 12, 0, '2020-01-11 19:48:21', '2020-01-11 19:48:21'),
(29, 3, '2020-01-19', 13, 15, 0, '2020-01-11 19:48:44', '2020-01-11 19:48:44'),
(30, 3, '2020-01-19', 16, 18, 0, '2020-01-11 19:49:03', '2020-01-11 19:49:03'),
(31, 4, '2020-01-12', 2, 23, 0, '2020-01-11 21:36:53', '2020-01-11 21:36:53'),
(32, 6, '2020-01-12', 2, 23, 0, '2020-01-11 21:47:13', '2020-01-11 21:47:13'),
(33, 3, '2020-01-12', 2, 8, 0, '2020-01-11 23:50:24', '2020-01-11 23:50:24'),
(34, 3, '2020-01-16', 2, 23, 0, '2020-01-16 10:28:26', '2020-01-16 10:28:26'),
(35, 2, '2020-01-16', 2, 23, 0, '2020-01-16 10:32:40', '2020-01-16 10:32:40');

-- --------------------------------------------------------

--
-- Table structure for table `cleaner_calendar_slot`
--

CREATE TABLE `cleaner_calendar_slot` (
  `id` bigint(20) UNSIGNED NOT NULL,
  `cleaner_id` int(11) NOT NULL,
  `cleaner_calendar_id` int(11) NOT NULL DEFAULT 0,
  `dtd` date DEFAULT NULL,
  `slot` decimal(3,1) DEFAULT 0.0,
  `status` tinyint(4) NOT NULL DEFAULT 1 COMMENT '0: Scheduled by Customer,  1:Available, 2: Unavailable',
  `created_at` timestamp NULL DEFAULT NULL,
  `updated_at` timestamp NULL DEFAULT NULL
) ENGINE=InnoDB DEFAULT CHARSET=utf8mb4 COLLATE=utf8mb4_unicode_ci;

--
-- Dumping data for table `cleaner_calendar_slot`
--

INSERT INTO `cleaner_calendar_slot` (`id`, `cleaner_id`, `cleaner_calendar_id`, `dtd`, `slot`, `status`, `created_at`, `updated_at`) VALUES
(1, 3, 9994, '2020-01-28', '8.0', 1, '2020-01-23 21:06:48', '2020-01-24 16:13:15'),
(2, 3, 9994, '2020-01-28', '9.0', 1, '2020-01-23 21:06:48', '2020-01-24 16:13:15'),
(3, 3, 9994, '2020-01-28', '10.0', 1, '2020-01-23 21:06:48', '2020-01-24 16:13:15'),
(4, 3, 9994, '2020-01-28', '11.0', 1, '2020-01-23 21:20:26', '2020-01-24 16:13:15'),
(5, 3, 9994, '2020-01-31', '8.0', 1, '2020-01-23 21:21:05', '2020-01-30 19:43:46'),
(6, 3, 9994, '2020-01-31', '13.0', 1, '2020-01-23 21:21:05', '2020-01-30 19:43:47'),
(7, 3, 9994, '2020-01-31', '18.0', 0, '2020-01-23 21:21:05', '2020-01-23 21:30:25'),
(8, 15, 9994, '2020-01-26', '7.0', 1, '2020-01-24 15:48:07', '2020-01-24 15:48:07'),
(9, 15, 9994, '2020-01-26', '8.0', 1, '2020-01-24 15:48:07', '2020-01-24 15:48:07'),
(10, 15, 9994, '2020-01-26', '9.0', 1, '2020-01-24 15:48:07', '2020-01-24 15:48:07'),
(11, 15, 9994, '2020-01-26', '10.0', 1, '2020-01-24 15:48:07', '2020-01-24 15:48:07'),
(12, 15, 9994, '2020-01-26', '11.0', 1, '2020-01-24 15:48:07', '2020-01-24 15:48:07'),
(13, 15, 9994, '2020-01-26', '12.0', 1, '2020-01-24 15:48:07', '2020-01-24 15:48:07'),
(14, 15, 9994, '2020-01-26', '13.0', 1, '2020-01-24 15:48:07', '2020-01-24 15:48:07'),
(15, 15, 9994, '2020-01-26', '14.0', 1, '2020-01-24 15:48:07', '2020-01-24 15:48:07'),
(16, 15, 9994, '2020-01-26', '15.0', 1, '2020-01-24 15:48:07', '2020-01-24 15:48:07'),
(17, 15, 9994, '2020-01-26', '16.0', 1, '2020-01-24 15:48:07', '2020-01-24 15:48:07'),
(18, 15, 9994, '2020-01-26', '17.0', 1, '2020-01-24 15:48:07', '2020-01-24 15:48:07'),
(19, 15, 9994, '2020-01-26', '18.0', 1, '2020-01-24 15:48:07', '2020-01-24 15:48:07'),
(20, 15, 9994, '2020-01-26', '19.0', 1, '2020-01-24 15:48:07', '2020-01-24 15:48:07'),
(21, 15, 9994, '2020-01-27', '7.0', 1, '2020-01-24 15:48:44', '2020-01-24 15:48:44'),
(22, 15, 9994, '2020-01-27', '8.0', 1, '2020-01-24 15:48:44', '2020-01-24 15:48:44'),
(23, 15, 9994, '2020-01-27', '9.0', 1, '2020-01-24 15:48:44', '2020-01-24 15:48:44'),
(24, 15, 9994, '2020-01-27', '10.0', 1, '2020-01-24 15:48:44', '2020-01-24 15:48:44'),
(25, 15, 9994, '2020-01-27', '11.0', 1, '2020-01-24 15:48:44', '2020-01-24 15:48:44'),
(26, 15, 9994, '2020-01-27', '12.0', 1, '2020-01-24 15:48:44', '2020-01-24 15:48:44'),
(27, 15, 9994, '2020-01-27', '13.0', 1, '2020-01-24 15:48:44', '2020-01-24 15:48:44'),
(28, 15, 9994, '2020-01-27', '14.0', 1, '2020-01-24 15:48:44', '2020-01-24 15:48:44'),
(29, 15, 9994, '2020-01-27', '15.0', 1, '2020-01-24 15:48:44', '2020-01-24 15:48:44'),
(30, 15, 9994, '2020-01-27', '16.0', 1, '2020-01-24 15:48:44', '2020-01-24 15:48:44'),
(31, 15, 9994, '2020-01-27', '17.0', 1, '2020-01-24 15:48:44', '2020-01-24 15:48:44'),
(32, 15, 9994, '2020-01-27', '18.0', 1, '2020-01-24 15:48:44', '2020-01-24 15:48:44'),
(33, 15, 9994, '2020-01-27', '19.0', 1, '2020-01-24 15:48:44', '2020-01-24 15:48:44'),
(34, 15, 9994, '2020-01-28', '7.0', 1, '2020-01-24 15:49:14', '2020-01-24 15:49:14'),
(35, 15, 9994, '2020-01-28', '8.0', 1, '2020-01-24 15:49:14', '2020-01-24 15:49:14'),
(36, 15, 9994, '2020-01-28', '9.0', 1, '2020-01-24 15:49:14', '2020-01-24 15:49:14'),
(37, 15, 9994, '2020-01-28', '10.0', 1, '2020-01-24 15:49:14', '2020-01-24 15:49:14'),
(38, 15, 9994, '2020-01-28', '11.0', 1, '2020-01-24 15:49:14', '2020-01-24 15:49:14'),
(39, 15, 9994, '2020-01-28', '12.0', 1, '2020-01-24 15:49:14', '2020-01-24 15:49:14'),
(40, 15, 9994, '2020-01-28', '13.0', 1, '2020-01-24 15:49:14', '2020-01-24 15:49:14'),
(41, 15, 9994, '2020-01-28', '14.0', 1, '2020-01-24 15:49:14', '2020-01-24 15:49:14'),
(42, 15, 9994, '2020-01-28', '15.0', 1, '2020-01-24 15:49:14', '2020-01-24 15:49:14'),
(43, 15, 9994, '2020-01-28', '16.0', 1, '2020-01-24 15:49:14', '2020-01-24 15:49:14'),
(44, 15, 9994, '2020-01-28', '17.0', 1, '2020-01-24 15:49:14', '2020-01-24 15:49:14'),
(45, 15, 9994, '2020-01-28', '18.0', 1, '2020-01-24 15:49:14', '2020-01-24 15:49:14'),
(46, 15, 9994, '2020-01-28', '19.0', 1, '2020-01-24 15:49:14', '2020-01-24 15:49:14'),
(47, 15, 9994, '2020-01-29', '7.0', 1, '2020-01-24 15:49:42', '2020-01-24 15:49:42'),
(48, 15, 9994, '2020-01-29', '8.0', 1, '2020-01-24 15:49:42', '2020-01-24 15:49:42'),
(49, 15, 9994, '2020-01-29', '9.0', 1, '2020-01-24 15:49:42', '2020-01-24 15:49:42'),
(50, 15, 9994, '2020-01-29', '10.0', 1, '2020-01-24 15:49:42', '2020-01-24 15:49:42'),
(51, 15, 9994, '2020-01-29', '11.0', 1, '2020-01-24 15:49:42', '2020-01-24 15:49:42'),
(52, 15, 9994, '2020-01-29', '12.0', 1, '2020-01-24 15:49:42', '2020-01-24 15:49:42'),
(53, 15, 9994, '2020-01-29', '13.0', 1, '2020-01-24 15:49:42', '2020-01-24 15:49:42'),
(54, 15, 9994, '2020-01-29', '14.0', 1, '2020-01-24 15:49:42', '2020-01-24 15:49:42'),
(55, 15, 9994, '2020-01-29', '15.0', 1, '2020-01-24 15:49:42', '2020-01-24 15:49:42'),
(56, 15, 9994, '2020-01-29', '16.0', 1, '2020-01-24 15:49:42', '2020-01-24 15:49:42'),
(57, 15, 9994, '2020-01-29', '17.0', 1, '2020-01-24 15:49:42', '2020-01-24 15:49:42'),
(58, 15, 9994, '2020-01-29', '18.0', 1, '2020-01-24 15:49:42', '2020-01-24 15:49:42'),
(59, 15, 9994, '2020-01-29', '19.0', 1, '2020-01-24 15:49:42', '2020-01-24 15:49:42'),
(60, 15, 9994, '2020-01-30', '7.0', 1, '2020-01-24 15:50:12', '2020-01-24 15:50:12'),
(61, 15, 9994, '2020-01-30', '8.0', 1, '2020-01-24 15:50:12', '2020-01-24 15:50:12'),
(62, 15, 9994, '2020-01-30', '9.0', 1, '2020-01-24 15:50:12', '2020-01-24 15:50:12'),
(63, 15, 9994, '2020-01-30', '10.0', 1, '2020-01-24 15:50:12', '2020-01-24 15:50:12'),
(64, 15, 9994, '2020-01-30', '11.0', 1, '2020-01-24 15:50:12', '2020-01-24 15:50:12'),
(65, 15, 9994, '2020-01-30', '12.0', 1, '2020-01-24 15:50:12', '2020-01-24 15:50:12'),
(66, 15, 9994, '2020-01-30', '13.0', 1, '2020-01-24 15:50:12', '2020-01-24 15:50:12'),
(67, 15, 9994, '2020-01-30', '14.0', 1, '2020-01-24 15:50:12', '2020-01-24 15:50:12'),
(68, 15, 9994, '2020-01-30', '15.0', 1, '2020-01-24 15:50:12', '2020-01-24 15:50:12'),
(69, 15, 9994, '2020-01-30', '16.0', 1, '2020-01-24 15:50:12', '2020-01-24 15:50:12'),
(70, 15, 9994, '2020-01-30', '17.0', 1, '2020-01-24 15:50:12', '2020-01-24 15:50:12'),
(71, 15, 9994, '2020-01-30', '18.0', 1, '2020-01-24 15:50:12', '2020-01-24 15:50:12'),
(72, 15, 9994, '2020-01-30', '19.0', 1, '2020-01-24 15:50:12', '2020-01-24 15:50:12'),
(73, 15, 9994, '2020-01-31', '7.0', 1, '2020-01-24 15:57:48', '2020-01-24 15:57:48'),
(74, 15, 9994, '2020-01-31', '8.0', 1, '2020-01-24 15:57:48', '2020-01-24 15:57:48'),
(75, 15, 9994, '2020-01-31', '9.0', 1, '2020-01-24 15:57:48', '2020-01-24 15:57:48'),
(76, 15, 9994, '2020-01-31', '10.0', 1, '2020-01-24 15:57:48', '2020-01-24 15:57:48'),
(77, 15, 9994, '2020-01-31', '11.0', 1, '2020-01-24 15:57:48', '2020-01-24 15:57:48'),
(78, 15, 9994, '2020-01-31', '12.0', 1, '2020-01-24 15:57:48', '2020-01-24 15:57:48'),
(79, 15, 9994, '2020-01-31', '13.0', 1, '2020-01-24 15:57:48', '2020-01-24 15:57:48'),
(80, 15, 9994, '2020-01-31', '14.0', 1, '2020-01-24 15:57:48', '2020-01-24 15:57:48'),
(81, 15, 9994, '2020-01-31', '15.0', 1, '2020-01-24 15:57:48', '2020-01-24 15:57:48'),
(82, 15, 9994, '2020-01-31', '16.0', 1, '2020-01-24 15:57:48', '2020-01-24 15:57:48'),
(83, 15, 9994, '2020-01-31', '17.0', 1, '2020-01-24 15:57:48', '2020-01-24 15:57:48'),
(84, 15, 9994, '2020-01-31', '18.0', 1, '2020-01-24 15:57:48', '2020-01-24 15:57:48'),
(85, 15, 9994, '2020-01-31', '19.0', 1, '2020-01-24 15:57:48', '2020-01-24 15:57:48'),
(86, 16, 9994, '2020-01-26', '7.0', 1, '2020-01-24 16:00:25', '2020-01-24 16:00:25'),
(87, 16, 9994, '2020-01-26', '8.0', 1, '2020-01-24 16:00:25', '2020-01-24 16:00:25'),
(88, 16, 9994, '2020-01-26', '9.0', 1, '2020-01-24 16:00:25', '2020-01-24 16:00:25'),
(89, 16, 9994, '2020-01-26', '10.0', 1, '2020-01-24 16:00:25', '2020-01-24 16:00:25'),
(90, 16, 9994, '2020-01-26', '12.0', 1, '2020-01-24 16:00:25', '2020-01-24 16:00:25'),
(91, 16, 9994, '2020-01-26', '13.0', 1, '2020-01-24 16:00:25', '2020-01-24 16:00:25'),
(92, 16, 9994, '2020-01-26', '14.0', 1, '2020-01-24 16:00:25', '2020-01-24 16:00:25'),
(93, 16, 9994, '2020-01-26', '15.0', 1, '2020-01-24 16:00:25', '2020-01-24 16:00:25'),
(94, 16, 9994, '2020-01-26', '17.0', 1, '2020-01-24 16:00:25', '2020-01-24 16:00:25'),
(95, 16, 9994, '2020-01-26', '18.0', 1, '2020-01-24 16:00:25', '2020-01-24 16:00:25'),
(96, 16, 9994, '2020-01-26', '19.0', 1, '2020-01-24 16:00:25', '2020-01-24 16:00:25'),
(97, 16, 9994, '2020-01-27', '7.0', 1, '2020-01-24 16:04:28', '2020-01-24 16:04:28'),
(98, 16, 9994, '2020-01-27', '8.0', 1, '2020-01-24 16:04:28', '2020-01-24 16:04:28'),
(99, 16, 9994, '2020-01-27', '9.0', 1, '2020-01-24 16:04:28', '2020-01-24 16:04:28'),
(100, 16, 9994, '2020-01-27', '10.0', 1, '2020-01-24 16:04:28', '2020-01-24 16:04:28'),
(101, 16, 9994, '2020-01-27', '12.0', 1, '2020-01-24 16:04:28', '2020-01-24 16:04:28'),
(102, 16, 9994, '2020-01-27', '13.0', 1, '2020-01-24 16:04:28', '2020-01-24 16:04:28'),
(103, 16, 9994, '2020-01-27', '14.0', 1, '2020-01-24 16:04:28', '2020-01-24 16:04:28'),
(104, 16, 9994, '2020-01-27', '15.0', 1, '2020-01-24 16:04:28', '2020-01-24 16:04:28'),
(105, 16, 9994, '2020-01-27', '17.0', 1, '2020-01-24 16:04:28', '2020-01-24 16:04:28'),
(106, 16, 9994, '2020-01-27', '18.0', 1, '2020-01-24 16:04:28', '2020-01-24 16:04:28'),
(107, 16, 9994, '2020-01-27', '19.0', 1, '2020-01-24 16:04:28', '2020-01-24 16:04:28'),
(108, 16, 9994, '2020-01-28', '7.0', 1, '2020-01-24 16:05:56', '2020-01-24 16:05:56'),
(109, 16, 9994, '2020-01-28', '8.0', 1, '2020-01-24 16:05:56', '2020-01-24 16:05:56'),
(110, 16, 9994, '2020-01-28', '9.0', 1, '2020-01-24 16:05:56', '2020-01-24 16:05:56'),
(111, 16, 9994, '2020-01-28', '11.0', 1, '2020-01-24 16:05:56', '2020-01-24 16:05:56'),
(112, 16, 9994, '2020-01-28', '12.0', 1, '2020-01-24 16:05:56', '2020-01-24 16:05:56'),
(113, 16, 9994, '2020-01-28', '13.0', 1, '2020-01-24 16:05:56', '2020-01-24 16:05:56'),
(114, 16, 9994, '2020-01-28', '16.0', 1, '2020-01-24 16:05:56', '2020-01-24 16:05:56'),
(115, 16, 9994, '2020-01-28', '17.0', 1, '2020-01-24 16:05:56', '2020-01-24 16:05:56'),
(116, 16, 9994, '2020-01-28', '18.0', 1, '2020-01-24 16:05:56', '2020-01-24 16:05:56'),
(117, 2, 9994, '2020-01-26', '7.0', 1, '2020-01-24 16:08:00', '2020-01-24 16:08:00'),
(118, 2, 9994, '2020-01-26', '8.0', 1, '2020-01-24 16:08:00', '2020-01-24 16:08:00'),
(119, 2, 9994, '2020-01-26', '9.0', 1, '2020-01-24 16:08:00', '2020-01-24 16:08:00'),
(120, 2, 9994, '2020-01-26', '10.0', 1, '2020-01-24 16:08:00', '2020-01-24 16:08:00'),
(121, 2, 9994, '2020-01-26', '11.0', 1, '2020-01-24 16:08:00', '2020-01-24 16:08:00'),
(122, 2, 9994, '2020-01-26', '12.0', 1, '2020-01-24 16:08:00', '2020-01-24 16:08:00'),
(123, 2, 9994, '2020-01-26', '13.0', 1, '2020-01-24 16:08:00', '2020-01-24 16:08:00'),
(124, 2, 9994, '2020-01-26', '14.0', 1, '2020-01-24 16:08:00', '2020-01-24 16:08:00'),
(125, 2, 9994, '2020-01-26', '15.0', 1, '2020-01-24 16:08:00', '2020-01-24 16:08:00'),
(126, 2, 9994, '2020-01-26', '16.0', 1, '2020-01-24 16:08:00', '2020-01-24 16:08:00'),
(127, 2, 9994, '2020-01-26', '17.0', 1, '2020-01-24 16:08:00', '2020-01-24 16:08:00'),
(128, 2, 9994, '2020-01-26', '18.0', 1, '2020-01-24 16:08:00', '2020-01-24 16:08:00'),
(129, 2, 9994, '2020-01-26', '19.0', 1, '2020-01-24 16:08:00', '2020-01-24 16:08:00'),
(130, 2, 9994, '2020-01-27', '7.0', 1, '2020-01-24 16:08:39', '2020-01-24 16:08:39'),
(131, 2, 9994, '2020-01-27', '8.0', 1, '2020-01-24 16:08:39', '2020-01-24 16:08:39'),
(132, 2, 9994, '2020-01-27', '9.0', 1, '2020-01-24 16:08:39', '2020-01-24 16:08:39'),
(133, 2, 9994, '2020-01-27', '10.0', 1, '2020-01-24 16:08:39', '2020-01-24 16:08:39'),
(134, 2, 9994, '2020-01-27', '12.0', 1, '2020-01-24 16:08:39', '2020-01-24 16:08:39'),
(135, 2, 9994, '2020-01-27', '13.0', 1, '2020-01-24 16:08:39', '2020-01-24 16:08:39'),
(136, 2, 9994, '2020-01-27', '14.0', 1, '2020-01-24 16:08:39', '2020-01-24 16:08:39'),
(137, 2, 9994, '2020-01-27', '17.0', 1, '2020-01-24 16:08:39', '2020-01-24 16:08:39'),
(138, 2, 9994, '2020-01-27', '18.0', 1, '2020-01-24 16:08:39', '2020-01-24 16:08:39'),
(139, 2, 9994, '2020-01-27', '19.0', 1, '2020-01-24 16:08:39', '2020-01-24 16:08:39'),
(140, 2, 9994, '2020-01-28', '7.0', 1, '2020-01-24 16:09:07', '2020-01-24 16:09:07'),
(141, 2, 9994, '2020-01-28', '8.0', 1, '2020-01-24 16:09:07', '2020-01-24 16:09:07'),
(142, 2, 9994, '2020-01-28', '9.0', 1, '2020-01-24 16:09:07', '2020-01-24 16:09:07'),
(143, 2, 9994, '2020-01-28', '10.0', 1, '2020-01-24 16:09:07', '2020-01-24 16:09:07'),
(144, 2, 9994, '2020-01-28', '12.0', 1, '2020-01-24 16:09:07', '2020-01-24 16:09:07'),
(145, 2, 9994, '2020-01-28', '13.0', 1, '2020-01-24 16:09:07', '2020-01-24 16:09:07'),
(146, 2, 9994, '2020-01-28', '14.0', 1, '2020-01-24 16:09:07', '2020-01-24 16:09:07'),
(147, 2, 9994, '2020-01-28', '15.0', 1, '2020-01-24 16:09:07', '2020-01-24 16:09:07'),
(148, 2, 9994, '2020-01-28', '17.0', 1, '2020-01-24 16:09:08', '2020-01-24 16:09:08'),
(149, 2, 9994, '2020-01-28', '18.0', 1, '2020-01-24 16:09:08', '2020-01-24 16:09:08'),
(150, 2, 9994, '2020-01-28', '19.0', 1, '2020-01-24 16:09:08', '2020-01-24 16:09:08'),
(151, 2, 9994, '2020-01-29', '7.0', 1, '2020-01-24 16:09:36', '2020-01-24 16:09:36'),
(152, 2, 9994, '2020-01-29', '9.0', 1, '2020-01-24 16:09:36', '2020-01-24 16:09:36'),
(153, 2, 9994, '2020-01-29', '12.0', 1, '2020-01-24 16:09:36', '2020-01-24 16:09:36'),
(154, 2, 9994, '2020-01-29', '13.0', 1, '2020-01-24 16:09:36', '2020-01-24 16:09:36'),
(155, 2, 9994, '2020-01-29', '14.0', 1, '2020-01-24 16:09:36', '2020-01-24 16:09:36'),
(156, 2, 9994, '2020-01-29', '15.0', 1, '2020-01-24 16:09:36', '2020-01-24 16:09:36'),
(157, 2, 9994, '2020-01-29', '17.0', 1, '2020-01-24 16:09:36', '2020-01-24 16:09:36'),
(158, 2, 9994, '2020-01-29', '18.0', 1, '2020-01-24 16:09:36', '2020-01-24 16:09:36'),
(159, 2, 9994, '2020-01-29', '19.0', 1, '2020-01-24 16:09:36', '2020-01-24 16:09:36'),
(160, 3, 9994, '2020-01-26', '7.0', 1, '2020-01-24 16:10:52', '2020-01-24 16:10:52'),
(161, 3, 9994, '2020-01-26', '8.0', 1, '2020-01-24 16:10:52', '2020-01-24 16:10:52'),
(162, 3, 9994, '2020-01-26', '9.0', 1, '2020-01-24 16:10:52', '2020-01-24 16:10:52'),
(163, 3, 9994, '2020-01-26', '11.0', 1, '2020-01-24 16:10:52', '2020-01-24 16:10:52'),
(164, 3, 9994, '2020-01-26', '12.0', 1, '2020-01-24 16:10:52', '2020-01-24 16:10:52'),
(165, 3, 9994, '2020-01-26', '13.0', 1, '2020-01-24 16:10:52', '2020-01-24 16:10:52'),
(166, 3, 9994, '2020-01-26', '14.0', 1, '2020-01-24 16:10:52', '2020-01-24 16:10:52'),
(167, 3, 9994, '2020-01-26', '15.0', 1, '2020-01-24 16:10:52', '2020-01-24 16:10:52'),
(168, 3, 9994, '2020-01-26', '17.0', 1, '2020-01-24 16:10:52', '2020-01-24 16:10:52'),
(169, 3, 9994, '2020-01-26', '18.0', 1, '2020-01-24 16:10:52', '2020-01-24 16:10:52'),
(170, 3, 9994, '2020-01-26', '19.0', 1, '2020-01-24 16:10:52', '2020-01-24 16:10:52'),
(171, 3, 9994, '2020-01-27', '7.0', 1, '2020-01-24 16:11:42', '2020-01-24 16:11:42'),
(172, 3, 9994, '2020-01-27', '10.0', 1, '2020-01-24 16:11:42', '2020-01-24 16:11:42'),
(173, 3, 9994, '2020-01-27', '11.0', 1, '2020-01-24 16:11:42', '2020-01-24 16:11:42'),
(174, 3, 9994, '2020-01-27', '12.0', 1, '2020-01-24 16:11:42', '2020-01-24 16:11:42'),
(175, 3, 9994, '2020-01-27', '13.0', 1, '2020-01-24 16:11:42', '2020-01-24 16:11:42'),
(176, 3, 9994, '2020-01-27', '14.0', 1, '2020-01-24 16:11:42', '2020-01-24 16:11:42'),
(177, 3, 9994, '2020-01-27', '15.0', 1, '2020-01-24 16:11:42', '2020-01-24 16:11:42'),
(178, 3, 9994, '2020-01-27', '17.0', 1, '2020-01-24 16:11:42', '2020-01-24 16:11:42'),
(179, 3, 9994, '2020-01-27', '18.0', 1, '2020-01-24 16:11:42', '2020-01-24 16:11:42'),
(180, 3, 9994, '2020-01-27', '19.0', 1, '2020-01-24 16:11:42', '2020-01-24 16:11:42'),
(181, 3, 9994, '2020-01-28', '13.0', 1, '2020-01-24 16:13:15', '2020-01-24 16:13:15'),
(182, 3, 9994, '2020-01-28', '14.0', 1, '2020-01-24 16:13:15', '2020-01-24 16:13:15'),
(183, 3, 9994, '2020-01-28', '15.0', 1, '2020-01-24 16:13:15', '2020-01-24 16:13:15'),
(184, 3, 9994, '2020-01-28', '18.0', 1, '2020-01-24 16:13:15', '2020-01-24 16:13:15'),
(185, 3, 9994, '2020-01-28', '19.0', 1, '2020-01-24 16:13:15', '2020-01-24 16:13:15'),
(186, 16, 9994, '2020-01-29', '7.0', 1, '2020-01-24 16:38:05', '2020-01-24 16:38:05'),
(187, 16, 9994, '2020-01-29', '9.0', 1, '2020-01-24 16:38:05', '2020-01-24 16:38:05'),
(188, 16, 9994, '2020-01-29', '10.0', 1, '2020-01-24 16:38:05', '2020-01-24 16:38:05'),
(189, 16, 9994, '2020-01-29', '12.0', 1, '2020-01-24 16:38:05', '2020-01-24 16:38:05'),
(190, 16, 9994, '2020-01-29', '13.0', 1, '2020-01-24 16:38:05', '2020-01-24 16:38:05'),
(191, 16, 9994, '2020-01-29', '14.0', 1, '2020-01-24 16:38:05', '2020-01-24 16:38:05'),
(192, 16, 9994, '2020-01-29', '15.0', 1, '2020-01-24 16:38:05', '2020-01-24 16:38:05'),
(193, 16, 9994, '2020-01-29', '17.0', 1, '2020-01-24 16:38:05', '2020-01-24 16:38:05'),
(194, 16, 9994, '2020-01-29', '18.0', 1, '2020-01-24 16:38:05', '2020-01-24 16:38:05'),
(195, 16, 9994, '2020-01-29', '19.0', 1, '2020-01-24 16:38:05', '2020-01-24 16:38:05'),
(196, 17, 9994, '2020-01-26', '7.0', 1, '2020-01-24 16:40:44', '2020-01-24 16:40:44'),
(197, 17, 9994, '2020-01-26', '10.0', 1, '2020-01-24 16:40:44', '2020-01-24 16:40:44'),
(198, 17, 9994, '2020-01-26', '11.0', 1, '2020-01-24 16:40:44', '2020-01-24 16:40:44'),
(199, 17, 9994, '2020-01-26', '12.0', 1, '2020-01-24 16:40:44', '2020-01-24 16:40:44'),
(200, 17, 9994, '2020-01-26', '13.0', 1, '2020-01-24 16:40:44', '2020-01-24 16:40:44'),
(201, 17, 9994, '2020-01-26', '14.0', 1, '2020-01-24 16:40:44', '2020-01-24 16:40:44'),
(202, 17, 9994, '2020-01-26', '15.0', 1, '2020-01-24 16:40:44', '2020-01-24 16:40:44'),
(203, 17, 9994, '2020-01-26', '16.0', 1, '2020-01-24 16:40:44', '2020-01-24 16:40:44'),
(204, 17, 9994, '2020-01-26', '17.0', 1, '2020-01-24 16:40:44', '2020-01-24 16:40:44'),
(205, 17, 9994, '2020-01-26', '18.0', 1, '2020-01-24 16:40:44', '2020-01-24 16:40:44'),
(206, 17, 9994, '2020-01-27', '8.0', 1, '2020-01-24 16:41:15', '2020-01-24 16:41:15'),
(207, 17, 9994, '2020-01-27', '9.0', 1, '2020-01-24 16:41:15', '2020-01-24 16:41:15'),
(208, 17, 9994, '2020-01-27', '10.0', 1, '2020-01-24 16:41:15', '2020-01-24 16:41:15'),
(209, 17, 9994, '2020-01-27', '13.0', 1, '2020-01-24 16:41:15', '2020-01-24 16:41:15'),
(210, 17, 9994, '2020-01-27', '14.0', 1, '2020-01-24 16:41:15', '2020-01-24 16:41:15'),
(211, 17, 9994, '2020-01-27', '15.0', 1, '2020-01-24 16:41:15', '2020-01-24 16:41:15'),
(212, 17, 9994, '2020-01-27', '18.0', 1, '2020-01-24 16:41:15', '2020-01-24 16:41:15'),
(213, 17, 9994, '2020-01-27', '19.0', 1, '2020-01-24 16:41:15', '2020-01-24 16:41:15'),
(214, 3, 9994, '2020-01-31', '9.0', 1, '2020-01-30 10:57:10', '2020-01-30 19:43:46'),
(215, 3, 9994, '2020-01-31', '10.0', 1, '2020-01-30 10:57:10', '2020-01-30 19:43:47'),
(216, 3, 9994, '2020-01-31', '11.0', 1, '2020-01-30 10:57:10', '2020-01-30 19:43:47'),
(217, 3, 9994, '2020-01-31', '14.0', 1, '2020-01-30 10:57:10', '2020-01-30 19:43:47'),
(218, 3, 9994, '2020-01-31', '15.0', 1, '2020-01-30 10:57:10', '2020-01-30 19:43:47'),
(219, 3, 9994, '2020-01-31', '16.0', 1, '2020-01-30 10:57:10', '2020-01-30 19:43:47'),
(220, 3, 9994, '2020-01-31', '17.0', 1, '2020-01-30 10:57:10', '2020-01-30 19:43:47'),
(221, 3, 9994, '2020-01-31', '19.0', 1, '2020-01-30 10:57:10', '2020-01-30 19:43:47'),
(222, 3, 9994, '2020-01-01', '8.0', 1, '2020-01-30 19:42:27', '2020-01-30 19:42:27'),
(223, 3, 9994, '2020-01-01', '9.0', 1, '2020-01-30 19:42:27', '2020-01-30 19:42:27'),
(224, 3, 9994, '2020-01-01', '10.0', 1, '2020-01-30 19:42:27', '2020-01-30 19:42:27'),
(225, 3, 9994, '2020-01-01', '11.0', 1, '2020-01-30 19:42:27', '2020-01-30 19:42:27'),
(226, 3, 9994, '2020-01-01', '13.0', 1, '2020-01-30 19:42:27', '2020-01-30 19:42:27'),
(227, 3, 9994, '2020-01-01', '14.0', 1, '2020-01-30 19:42:27', '2020-01-30 19:42:27'),
(228, 3, 9994, '2020-01-01', '15.0', 1, '2020-01-30 19:42:28', '2020-01-30 19:42:28'),
(229, 3, 9994, '2020-01-01', '16.0', 1, '2020-01-30 19:42:28', '2020-01-30 19:42:28'),
(230, 3, 9994, '2020-01-01', '18.0', 1, '2020-01-30 19:42:28', '2020-01-30 19:42:28'),
(231, 3, 9994, '2020-01-01', '19.0', 1, '2020-01-30 19:42:28', '2020-01-30 19:42:28'),
(232, 3, 9994, '2020-01-31', '7.0', 1, '2020-01-30 19:43:46', '2020-01-30 19:43:46'),
(233, 3, 9994, '2020-01-31', '12.0', 1, '2020-01-30 19:43:47', '2020-01-30 19:43:47'),
(234, 3, 9994, '2020-01-02', '7.0', 1, '2020-01-31 13:27:21', '2020-01-31 13:27:21'),
(235, 3, 9994, '2020-01-02', '8.0', 1, '2020-01-31 13:27:21', '2020-01-31 13:27:21'),
(236, 3, 9994, '2020-01-02', '9.0', 1, '2020-01-31 13:27:21', '2020-01-31 13:27:21'),
(237, 3, 9994, '2020-01-02', '10.0', 1, '2020-01-31 13:27:22', '2020-01-31 13:27:22'),
(238, 3, 9994, '2020-01-02', '11.0', 1, '2020-01-31 13:27:22', '2020-01-31 13:27:22'),
(239, 3, 9994, '2020-01-02', '12.0', 1, '2020-01-31 13:27:22', '2020-01-31 13:27:22'),
(240, 3, 9994, '2020-01-02', '13.0', 1, '2020-01-31 13:27:22', '2020-01-31 13:27:22'),
(241, 3, 9994, '2020-01-02', '14.0', 1, '2020-01-31 13:27:22', '2020-01-31 13:27:22'),
(242, 3, 9994, '2020-01-02', '15.0', 1, '2020-01-31 13:27:22', '2020-01-31 13:27:22'),
(243, 3, 9994, '2020-01-02', '16.0', 1, '2020-01-31 13:27:22', '2020-01-31 13:27:22'),
(244, 3, 9994, '2020-01-02', '17.0', 1, '2020-01-31 13:27:22', '2020-01-31 13:27:22'),
(245, 3, 9994, '2020-01-02', '18.0', 1, '2020-01-31 13:27:22', '2020-01-31 13:27:22'),
(246, 3, 9994, '2020-01-02', '19.0', 1, '2020-01-31 13:27:23', '2020-01-31 13:27:23'),
(247, 3, 9994, '2020-01-03', '7.0', 1, '2020-01-31 13:28:01', '2020-01-31 13:28:01'),
(248, 3, 9994, '2020-01-03', '8.0', 1, '2020-01-31 13:28:01', '2020-01-31 13:28:01'),
(249, 3, 9994, '2020-01-03', '9.0', 1, '2020-01-31 13:28:01', '2020-01-31 13:28:01'),
(250, 3, 9994, '2020-01-03', '10.0', 1, '2020-01-31 13:28:01', '2020-01-31 13:28:01'),
(251, 3, 9994, '2020-01-03', '11.0', 1, '2020-01-31 13:28:01', '2020-01-31 13:28:01'),
(252, 3, 9994, '2020-01-03', '12.0', 1, '2020-01-31 13:28:01', '2020-01-31 13:28:01'),
(253, 3, 9994, '2020-01-03', '13.0', 1, '2020-01-31 13:28:01', '2020-01-31 13:28:01'),
(254, 3, 9994, '2020-01-03', '14.0', 1, '2020-01-31 13:28:02', '2020-01-31 13:28:02'),
(255, 3, 9994, '2020-01-03', '15.0', 1, '2020-01-31 13:28:02', '2020-01-31 13:28:02'),
(256, 3, 9994, '2020-01-03', '16.0', 1, '2020-01-31 13:28:02', '2020-01-31 13:28:02'),
(257, 3, 9994, '2020-01-03', '17.0', 1, '2020-01-31 13:28:02', '2020-01-31 13:28:02'),
(258, 3, 9994, '2020-01-03', '18.0', 1, '2020-01-31 13:28:02', '2020-01-31 13:28:02'),
(259, 3, 9994, '2020-01-03', '19.0', 1, '2020-01-31 13:28:02', '2020-01-31 13:28:02'),
(260, 3, 9994, '2020-02-01', '7.0', 1, '2020-01-31 22:56:14', '2020-01-31 23:00:05'),
(261, 3, 9994, '2020-02-01', '8.0', 1, '2020-01-31 22:56:14', '2020-01-31 23:00:05'),
(262, 3, 9994, '2020-02-01', '9.0', 1, '2020-01-31 22:56:14', '2020-01-31 23:00:05'),
(263, 3, 9994, '2020-02-01', '10.0', 1, '2020-01-31 22:56:14', '2020-01-31 23:00:05'),
(264, 3, 9994, '2020-02-01', '11.0', 1, '2020-01-31 22:56:15', '2020-01-31 23:00:05'),
(265, 3, 9994, '2020-02-01', '12.0', 1, '2020-01-31 22:56:15', '2020-01-31 23:00:05'),
(266, 3, 9994, '2020-02-01', '13.0', 1, '2020-01-31 22:56:15', '2020-01-31 23:00:05'),
(267, 3, 9994, '2020-02-01', '14.0', 1, '2020-01-31 22:56:15', '2020-01-31 23:00:05'),
(268, 3, 9994, '2020-02-01', '15.0', 1, '2020-01-31 22:56:15', '2020-01-31 23:00:05'),
(269, 3, 9994, '2020-02-01', '16.0', 1, '2020-01-31 22:56:15', '2020-01-31 23:00:05'),
(270, 3, 9994, '2020-02-01', '17.0', 1, '2020-01-31 22:56:15', '2020-01-31 23:00:05'),
(271, 3, 9994, '2020-02-01', '18.0', 1, '2020-01-31 22:56:15', '2020-01-31 23:00:05'),
(272, 3, 9994, '2020-02-01', '19.0', 1, '2020-01-31 22:56:15', '2020-01-31 23:00:05');

-- --------------------------------------------------------

--
-- Table structure for table `cust_review`
--

CREATE TABLE `cust_review` (
  `id` int(10) UNSIGNED NOT NULL,
  `schedule_id` int(11) DEFAULT NULL,
  `star` int(11) NOT NULL DEFAULT 5,
  `review` text COLLATE utf8mb4_unicode_ci NOT NULL,
  `created_at` timestamp NULL DEFAULT NULL,
  `updated_at` timestamp NULL DEFAULT NULL
) ENGINE=InnoDB DEFAULT CHARSET=utf8mb4 COLLATE=utf8mb4_unicode_ci;

-- --------------------------------------------------------

--
-- Table structure for table `cust_visit_cleaner_profile`
--

CREATE TABLE `cust_visit_cleaner_profile` (
  `id` bigint(20) UNSIGNED NOT NULL,
  `customer_id` int(11) NOT NULL,
  `cleaner_id` int(11) NOT NULL,
  `created_at` timestamp NULL DEFAULT NULL,
  `updated_at` timestamp NULL DEFAULT NULL
) ENGINE=InnoDB DEFAULT CHARSET=utf8mb4 COLLATE=utf8mb4_unicode_ci;

--
-- Dumping data for table `cust_visit_cleaner_profile`
--

INSERT INTO `cust_visit_cleaner_profile` (`id`, `customer_id`, `cleaner_id`, `created_at`, `updated_at`) VALUES
(1, 2, 2, NULL, NULL),
(2, 3, 3, NULL, NULL),
(3, 4, 4, NULL, NULL),
(4, 5, 2, NULL, NULL),
(5, 6, 6, NULL, NULL),
(6, 7, 4, NULL, NULL),
(7, 7, 2, NULL, NULL),
(8, 5, 6, NULL, NULL),
(9, 5, 4, NULL, NULL),
(10, 5, 3, NULL, NULL),
(11, 15, 15, NULL, NULL),
(12, 16, 16, NULL, NULL),
(13, 17, 17, NULL, NULL),
(14, 18, 18, NULL, NULL),
(15, 19, 19, NULL, NULL),
(16, 20, 20, NULL, NULL),
(17, 21, 21, NULL, NULL),
(18, 5, 15, NULL, NULL),
(19, 5, 17, NULL, NULL),
(20, 5, 16, NULL, NULL);

-- --------------------------------------------------------

--
-- Table structure for table `failed_jobs`
--

CREATE TABLE `failed_jobs` (
  `id` bigint(20) UNSIGNED NOT NULL,
  `connection` text COLLATE utf8mb4_unicode_ci NOT NULL,
  `queue` text COLLATE utf8mb4_unicode_ci NOT NULL,
  `payload` longtext COLLATE utf8mb4_unicode_ci NOT NULL,
  `exception` longtext COLLATE utf8mb4_unicode_ci NOT NULL,
  `failed_at` timestamp NOT NULL DEFAULT current_timestamp()
) ENGINE=InnoDB DEFAULT CHARSET=utf8mb4 COLLATE=utf8mb4_unicode_ci;

-- --------------------------------------------------------

--
-- Table structure for table `locations`
--

CREATE TABLE `locations` (
  `id` int(10) UNSIGNED NOT NULL,
  `name` varchar(255) COLLATE utf8mb4_unicode_ci NOT NULL,
  `description` text COLLATE utf8mb4_unicode_ci NOT NULL,
  `created_at` timestamp NULL DEFAULT NULL,
  `updated_at` timestamp NULL DEFAULT NULL
) ENGINE=InnoDB DEFAULT CHARSET=utf8mb4 COLLATE=utf8mb4_unicode_ci;

--
-- Dumping data for table `locations`
--

INSERT INTO `locations` (`id`, `name`, `description`, `created_at`, `updated_at`) VALUES
(1, 'NewYork', 'NewYork CityTest', '2019-12-14 16:14:10', '2019-12-28 03:20:43'),
(2, 'New Jersey', 'Test', '2019-12-14 16:14:26', '2019-12-14 16:14:26'),
(3, 'Washington D.C.', 'Test City', '2019-12-16 07:01:32', '2019-12-16 07:01:32'),
(4, 'Dallas Texas', 'Dallas Texas City', '2019-12-28 03:19:09', '2019-12-28 03:19:09'),
(5, 'Los Angeles', 'Los Angeles	City', '2019-12-28 03:22:07', '2019-12-28 03:22:07'),
(6, 'Houston', 'Houston	City', '2019-12-28 03:22:37', '2019-12-28 03:26:03'),
(7, 'Chicago', 'Chicago	City', '2019-12-28 03:24:42', '2019-12-28 03:24:42');

-- --------------------------------------------------------

--
-- Table structure for table `migrations`
--

CREATE TABLE `migrations` (
  `id` int(10) UNSIGNED NOT NULL,
  `migration` varchar(255) COLLATE utf8mb4_unicode_ci NOT NULL,
  `batch` int(11) NOT NULL
) ENGINE=InnoDB DEFAULT CHARSET=utf8mb4 COLLATE=utf8mb4_unicode_ci;

--
-- Dumping data for table `migrations`
--

INSERT INTO `migrations` (`id`, `migration`, `batch`) VALUES
(1, '2014_10_12_000000_create_users_table', 1),
(2, '2014_10_12_100000_create_password_resets_table', 1),
(3, '2019_08_19_000000_create_failed_jobs_table', 1),
(4, '2019_10_23_011513_create_products_table', 1),
(5, '2019_05_03_000001_create_customer_columns', 2),
(6, '2019_05_03_000002_create_subscriptions_table', 2),
(7, '2019_12_29_144011_create_plans_table', 3),
(8, '2020_01_06_155946_create_client_calendar', 4),
(9, '2020_01_08_164726_create_cust_visit_cleaner_profile', 5);

-- --------------------------------------------------------

--
-- Table structure for table `password_resets`
--

CREATE TABLE `password_resets` (
  `email` varchar(255) COLLATE utf8mb4_unicode_ci NOT NULL,
  `token` varchar(255) COLLATE utf8mb4_unicode_ci NOT NULL,
  `created_at` timestamp NULL DEFAULT NULL
) ENGINE=InnoDB DEFAULT CHARSET=utf8mb4 COLLATE=utf8mb4_unicode_ci;

-- --------------------------------------------------------

--
-- Table structure for table `plans`
--

CREATE TABLE `plans` (
  `id` int(10) UNSIGNED NOT NULL,
  `name` varchar(255) COLLATE utf8mb4_unicode_ci NOT NULL,
  `slug` varchar(255) COLLATE utf8mb4_unicode_ci NOT NULL,
  `stripe_plan` varchar(255) COLLATE utf8mb4_unicode_ci NOT NULL,
  `cost` double(8,2) NOT NULL,
  `description` text COLLATE utf8mb4_unicode_ci DEFAULT NULL,
  `created_at` timestamp NULL DEFAULT NULL,
  `updated_at` timestamp NULL DEFAULT NULL
) ENGINE=InnoDB DEFAULT CHARSET=utf8mb4 COLLATE=utf8mb4_unicode_ci;

--
-- Dumping data for table `plans`
--

INSERT INTO `plans` (`id`, `name`, `slug`, `stripe_plan`, `cost`, `description`, `created_at`, `updated_at`) VALUES
(1, 'Express Clean', 'express', 'prod_GRnhJYyWooCwjE', 10.00, NULL, NULL, NULL),
(2, 'Combo Clean', 'combo', 'prod_GRnhJYyWooCwjE', 50.00, NULL, NULL, NULL);

-- --------------------------------------------------------

--
-- Table structure for table `schedule_calendar`
--

CREATE TABLE `schedule_calendar` (
  `id` int(10) UNSIGNED NOT NULL,
  `slot_start_time` datetime NOT NULL,
  `slot_end_time` datetime NOT NULL,
  `cleaner_type` tinyint(4) NOT NULL DEFAULT 1 COMMENT '1:Express, 2: Combo',
  `available_cleaner` int(11) NOT NULL DEFAULT 0,
  `booked_cleaner` int(11) NOT NULL DEFAULT 0,
  `created_at` timestamp NULL DEFAULT NULL,
  `updated_at` timestamp NULL DEFAULT NULL
) ENGINE=InnoDB DEFAULT CHARSET=utf8mb4 COLLATE=utf8mb4_unicode_ci;

-- --------------------------------------------------------

--
-- Table structure for table `schedule_cleaner_calendar`
--

CREATE TABLE `schedule_cleaner_calendar` (
  `id` int(10) UNSIGNED NOT NULL,
  `location_id` int(11) NOT NULL DEFAULT 0,
  `cleaner_id` int(10) NOT NULL DEFAULT 0,
  `status` tinyint(4) NOT NULL DEFAULT 1,
  `slot_start_time` datetime NOT NULL,
  `slot_end_time` datetime NOT NULL,
  `created_at` timestamp NULL DEFAULT NULL,
  `updated_at` timestamp NULL DEFAULT NULL
) ENGINE=InnoDB DEFAULT CHARSET=utf8mb4 COLLATE=utf8mb4_unicode_ci;

-- --------------------------------------------------------

--
-- Table structure for table `schedule_cust_calendar`
--

CREATE TABLE `schedule_cust_calendar` (
  `id` int(11) NOT NULL,
  `status` tinyint(4) NOT NULL DEFAULT 1 COMMENT '1:Pending, 2:Completed, 3:Cancel by User, 4:Accepted by Cleaner, 5:Canceled by Cleaner, 6:Cancel by Admin, 7:Reschedule by User, 8: Mark as completed by Cleaner, 9 : Mark as disputed by customer, 10: Mark as completed by admin, 11: Mark as dispute by admin',
  `cleaning_type` tinyint(4) NOT NULL DEFAULT 1 COMMENT '1:onetimeclean, 2:express, 3:jumbo',
  `cleaner_amt` double(10,2) NOT NULL DEFAULT 0.00,
  `customer_id` int(11) NOT NULL,
  `address_id` int(11) NOT NULL,
  `location_id` int(11) NOT NULL,
  `cleaner_id` int(11) NOT NULL,
  `dtd` date NOT NULL,
  `from_time` time NOT NULL,
  `to_time` time NOT NULL,
  `created_at` timestamp NULL DEFAULT NULL,
  `updated_at` timestamp NULL DEFAULT NULL,
  `rating` int(11) NOT NULL DEFAULT 0,
  `rating_msg` text DEFAULT NULL,
  `rating_dtd` date DEFAULT NULL,
  `images` varchar(255) DEFAULT NULL,
  `property_access_type` varchar(25) DEFAULT NULL,
  `electronic_code:` varchar(255) DEFAULT NULL,
  `contact_person` varchar(255) DEFAULT NULL,
  `contact_phonenumber` varchar(25) DEFAULT NULL,
  `bathroomdetails` text DEFAULT NULL,
  `bedroomdetails` text DEFAULT NULL,
  `accessdetails` text DEFAULT NULL,
  `disputeMsg` text DEFAULT NULL,
  `timeliness` double(4,2) NOT NULL DEFAULT 0.00,
  `quality_of_clean` double(4,2) NOT NULL DEFAULT 0.00,
  `special_touches` double(4,2) NOT NULL DEFAULT 0.00,
  `communication` double(4,2) NOT NULL DEFAULT 0.00
) ENGINE=InnoDB DEFAULT CHARSET=latin1;

--
-- Dumping data for table `schedule_cust_calendar`
--

INSERT INTO `schedule_cust_calendar` (`id`, `status`, `cleaning_type`, `cleaner_amt`, `customer_id`, `address_id`, `location_id`, `cleaner_id`, `dtd`, `from_time`, `to_time`, `created_at`, `updated_at`, `rating`, `rating_msg`, `rating_dtd`, `images`, `property_access_type`, `electronic_code:`, `contact_person`, `contact_phonenumber`, `bathroomdetails`, `bedroomdetails`, `accessdetails`, `disputeMsg`, `timeliness`, `quality_of_clean`, `special_touches`, `communication`) VALUES
(1, 2, 1, 40.00, 5, 25, 1, 2, '2020-01-12', '07:00:00', '08:00:00', NULL, '2020-01-14 21:08:03', 0, NULL, NULL, '', NULL, NULL, NULL, NULL, NULL, NULL, NULL, NULL, 0.00, 0.00, 0.00, 0.00),
(2, 9, 1, 40.00, 5, 25, 1, 3, '2020-01-13', '09:00:00', '10:00:00', NULL, '2020-01-30 12:17:25', 0, NULL, NULL, '[\"9181580405857.png\"]', NULL, NULL, NULL, NULL, NULL, NULL, NULL, NULL, 0.00, 0.00, 0.00, 0.00),
(3, 1, 1, 40.00, 5, 25, 1, 4, '2020-01-15', '07:00:00', '08:00:00', NULL, NULL, 0, NULL, NULL, '', NULL, NULL, NULL, NULL, NULL, NULL, NULL, NULL, 0.00, 0.00, 0.00, 0.00),
(4, 2, 1, 40.00, 5, 25, 1, 4, '2020-01-12', '02:00:00', '03:00:00', NULL, '2020-01-16 21:12:38', 0, 'Good Job :: Loren Ipsum. Good Job :: Loren Ipsum. Good Job :: Loren Ipsum.', NULL, '', NULL, NULL, NULL, NULL, NULL, NULL, NULL, NULL, 0.00, 0.00, 0.00, 0.00),
(5, 2, 1, 40.00, 5, 25, 1, 6, '2020-01-12', '02:30:00', '03:30:00', NULL, '2020-01-16 21:06:55', 5, 'Good Job :: Loren Ipsum. Good Job :: Loren Ipsum. Good Job :: Loren Ipsum.', NULL, '', NULL, NULL, NULL, NULL, NULL, NULL, NULL, NULL, 0.00, 0.00, 0.00, 0.00),
(7, 1, 1, 40.00, 7, 29, 1, 4, '2020-01-12', '03:30:00', '04:30:00', NULL, NULL, 0, NULL, NULL, '', NULL, NULL, NULL, NULL, NULL, NULL, NULL, NULL, 0.00, 0.00, 0.00, 0.00),
(8, 1, 1, 40.00, 5, 25, 1, 6, '2020-01-12', '06:30:00', '07:30:00', NULL, NULL, 0, NULL, NULL, '', NULL, NULL, NULL, NULL, NULL, NULL, NULL, NULL, 0.00, 0.00, 0.00, 0.00),
(9, 2, 1, 40.00, 5, 25, 1, 6, '2020-01-12', '04:00:00', '05:00:00', NULL, '2020-01-12 00:13:33', 3, 'LOen Ipsum text LOen Ipsum text LOen Ipsum text LOen Ipsum text LOen Ipsum text LOen Ipsum text LOen Ipsum text LOen Ipsum text LOen Ipsum text LOen Ipsum text LOen Ipsum text LOen Ipsum text LOen Ipsum text LOen Ipsum text LOen Ipsum text LOen Ipsum text LOen Ipsum text LOen Ipsum text', NULL, '', NULL, NULL, NULL, NULL, NULL, NULL, NULL, NULL, 0.00, 0.00, 0.00, 0.00),
(10, 4, 1, 40.00, 5, 25, 1, 3, '2020-01-18', '11:30:00', '12:30:00', NULL, '2020-01-14 09:21:01', 0, NULL, NULL, '', NULL, NULL, NULL, NULL, NULL, NULL, NULL, NULL, 0.00, 0.00, 0.00, 0.00),
(11, 2, 1, 40.00, 5, 25, 1, 3, '2020-01-12', '10:00:00', '11:00:00', NULL, '2020-01-30 12:07:16', 0, NULL, NULL, '[\"6291580404734.png\",\"4341580404791.png\",\"5461580404909.png\",\"6371580404964.png\",\"6731580405116.png\"]', NULL, NULL, NULL, NULL, NULL, NULL, NULL, NULL, 0.00, 0.00, 0.00, 0.00),
(12, 2, 1, 40.00, 5, 25, 1, 2, '2020-01-13', '07:30:00', '08:30:00', NULL, '2020-01-30 11:27:05', 0, NULL, NULL, '[\"1271579227915.jpg\",\"2131579227915.jpg\",\"9661579227915.jpg\",\"1361579227915.jpg\"]', NULL, NULL, NULL, NULL, NULL, NULL, NULL, NULL, 0.00, 0.00, 0.00, 0.00),
(13, 2, 1, 40.00, 5, 25, 1, 3, '2020-01-13', '07:30:00', '08:30:00', NULL, '2020-01-30 19:35:45', 0, NULL, NULL, '', NULL, NULL, NULL, NULL, NULL, NULL, NULL, NULL, 0.00, 0.00, 0.00, 0.00),
(14, 2, 1, 40.00, 5, 25, 1, 2, '2020-01-13', '09:00:00', '10:00:00', NULL, '2020-01-30 19:34:06', 0, NULL, NULL, '', NULL, NULL, NULL, NULL, NULL, NULL, NULL, NULL, 0.00, 0.00, 0.00, 0.00),
(15, 9, 1, 40.00, 5, 25, 1, 2, '2020-01-13', '10:30:00', '11:30:00', NULL, '2020-01-30 12:27:05', 0, NULL, NULL, '', NULL, NULL, NULL, NULL, NULL, NULL, NULL, NULL, 0.00, 0.00, 0.00, 0.00),
(16, 9, 1, 40.00, 5, 25, 1, 2, '2020-01-13', '16:30:00', '17:30:00', NULL, '2020-01-30 12:24:47', 0, NULL, NULL, '', NULL, NULL, NULL, NULL, NULL, NULL, NULL, NULL, 0.00, 0.00, 0.00, 0.00),
(17, 9, 1, 40.00, 5, 25, 1, 4, '2020-01-13', '16:00:00', '17:00:00', NULL, '2020-01-30 12:49:27', 0, NULL, NULL, '', NULL, NULL, NULL, NULL, NULL, NULL, NULL, 'dsfdsf', 0.00, 0.00, 0.00, 0.00),
(18, 9, 2, 40.00, 5, 25, 1, 3, '2020-01-22', '16:00:00', '17:00:00', '2020-01-21 20:25:00', '2020-01-30 12:50:07', 0, NULL, NULL, NULL, 'electronic_code', NULL, 'Customer 01', '12345678', NULL, NULL, NULL, 'ghjghjhgj', 0.00, 0.00, 0.00, 0.00),
(19, 9, 2, 40.00, 5, 25, 1, 3, '2020-01-23', '18:00:00', '19:00:00', '2020-01-21 20:26:13', '2020-01-30 12:29:35', 0, NULL, NULL, NULL, 'electronic_code', NULL, 'Customer 01', '12345678', NULL, NULL, NULL, NULL, 0.00, 0.00, 0.00, 0.00),
(20, 9, 2, 40.00, 5, 25, 1, 3, '2020-01-28', '10:00:00', '11:00:00', '2020-01-23 19:40:46', '2020-01-30 12:28:02', 0, NULL, NULL, NULL, 'electronic_code', NULL, 'Customer 01', '12345678', NULL, NULL, NULL, NULL, 0.00, 0.00, 0.00, 0.00),
(21, 9, 2, 40.00, 5, 25, 1, 3, '2020-01-31', '18:00:00', '19:00:00', '2020-01-23 21:30:25', '2020-01-30 12:28:45', 0, NULL, NULL, NULL, 'electronic_code', NULL, 'Customer 01', '12345678', NULL, NULL, NULL, NULL, 0.00, 0.00, 0.00, 0.00),
(22, 8, 2, 40.00, 5, 25, 1, 3, '2020-01-26', '07:00:00', '08:00:00', '2020-01-25 12:17:24', '2020-01-31 10:56:54', 0, NULL, NULL, '[\"5051580265805.jpg\",\"8081580265820.jpg\",\"6241580265872.jpg\",\"6921580265872.jpg\",\"4901580488014.png\",\"6011580488014.png\",\"9091580488014.png\",\"2721580488014.png\"]', 'Others', NULL, 'Customer 01', '12345678', 'Bath ,,, bathhh', 'Bedd Beddvvv', 'Other Access', NULL, 0.00, 0.00, 0.00, 0.00),
(23, 1, 2, 40.00, 5, 25, 1, 0, '2020-01-26', '12:00:00', '13:00:00', '2020-01-25 13:38:08', '2020-01-25 13:38:08', 0, NULL, NULL, NULL, 'electronic_code', NULL, 'Customer 01', '12345678', 'Dummy Text', 'loren ipsum', NULL, NULL, 0.00, 0.00, 0.00, 0.00),
(24, 1, 2, 40.00, 5, 25, 5, 0, '2020-02-01', '07:00:00', '08:00:00', '2020-01-31 23:20:59', '2020-01-31 23:20:59', 0, NULL, NULL, NULL, 'Key', NULL, 'Customer 01', '12345678', NULL, NULL, NULL, NULL, 0.00, 0.00, 0.00, 0.00),
(25, 1, 2, 40.00, 5, 25, 5, 0, '2020-02-01', '07:00:00', '08:00:00', '2020-02-01 04:44:50', '2020-02-01 04:44:50', 0, NULL, NULL, NULL, 'Key', NULL, 'Customer 01', '12345678', 'cscsdf', 'ccc', NULL, NULL, 0.00, 0.00, 0.00, 0.00);

-- --------------------------------------------------------

--
-- Table structure for table `schedule_cust_calendar_request`
--

CREATE TABLE `schedule_cust_calendar_request` (
  `id` bigint(20) UNSIGNED NOT NULL,
  `order_id` int(11) NOT NULL,
  `cleaner_id` int(11) NOT NULL,
  `status` tinyint(4) NOT NULL DEFAULT 1,
  `created_at` timestamp NULL DEFAULT NULL,
  `updated_at` timestamp NULL DEFAULT NULL
) ENGINE=InnoDB DEFAULT CHARSET=utf8mb4 COLLATE=utf8mb4_unicode_ci;

--
-- Dumping data for table `schedule_cust_calendar_request`
--

INSERT INTO `schedule_cust_calendar_request` (`id`, `order_id`, `cleaner_id`, `status`, `created_at`, `updated_at`) VALUES
(1, 22, 2, 0, '2020-01-25 12:17:24', '2020-01-25 12:49:06'),
(2, 22, 2, 0, '2020-01-25 12:17:24', '2020-01-25 12:49:06'),
(3, 22, 17, 0, '2020-01-25 12:17:24', '2020-01-25 12:49:06'),
(4, 22, 3, 2, '2020-01-25 12:17:24', '2020-01-25 12:49:06'),
(5, 22, 3, 2, '2020-01-25 12:17:24', '2020-01-25 12:49:06'),
(6, 23, 15, 1, '2020-01-25 13:38:08', '2020-01-25 13:38:08'),
(7, 23, 17, 1, '2020-01-25 13:38:08', '2020-01-25 13:38:08'),
(8, 23, 2, 1, '2020-01-25 13:38:08', '2020-01-25 13:38:08'),
(9, 24, 3, 1, '2020-01-31 23:21:00', '2020-01-31 23:21:00'),
(10, 25, 3, 1, '2020-02-01 04:44:51', '2020-02-01 04:44:51');

-- --------------------------------------------------------

--
-- Table structure for table `subscriptions`
--

CREATE TABLE `subscriptions` (
  `id` bigint(20) UNSIGNED NOT NULL,
  `user_id` bigint(20) UNSIGNED NOT NULL,
  `name` varchar(255) COLLATE utf8mb4_unicode_ci NOT NULL,
  `stripe_id` varchar(255) COLLATE utf8mb4_unicode_ci NOT NULL,
  `stripe_status` varchar(255) COLLATE utf8mb4_unicode_ci NOT NULL,
  `stripe_plan` varchar(255) COLLATE utf8mb4_unicode_ci NOT NULL,
  `quantity` int(11) NOT NULL,
  `used_quantity` int(11) NOT NULL DEFAULT 0,
  `trial_ends_at` timestamp NULL DEFAULT NULL,
  `ends_at` timestamp NULL DEFAULT NULL,
  `created_at` timestamp NULL DEFAULT NULL,
  `updated_at` timestamp NULL DEFAULT NULL
) ENGINE=InnoDB DEFAULT CHARSET=utf8mb4 COLLATE=utf8mb4_unicode_ci;

--
-- Dumping data for table `subscriptions`
--

INSERT INTO `subscriptions` (`id`, `user_id`, `name`, `stripe_id`, `stripe_status`, `stripe_plan`, `quantity`, `used_quantity`, `trial_ends_at`, `ends_at`, `created_at`, `updated_at`) VALUES
(1, 5, 'upticks.io@gmail.com', 'sub_GWz6VJM7hQ1Z3e', 'PaymentDone', 'plan_GSQB4nqOJPNamT', 10, 1, '2020-02-10 18:30:00', '2020-02-10 18:30:00', '2020-01-10 18:30:00', '2020-01-11 19:50:48'),
(2, 7, 'test@gmail.com', 'sub_GX12OhvJDPKI9W', 'PaymentDone', 'plan_GSQCkEc344j1JU', 5, 0, '2020-02-10 18:30:00', '2020-02-10 18:30:00', '2020-01-11 21:50:50', '2020-01-11 21:50:50'),
(3, 8, 'upticks.io@gmail.com', 'sub_GXC8RcgUHcJMtg', 'PaymentDone', 'plan_GSQB4nqOJPNamT', 10, 0, '2020-02-10 18:30:00', '2020-02-10 18:30:00', '2020-01-12 09:18:25', '2020-01-12 09:18:25'),
(4, 9, 'upticks.io@gmail.com', 'sub_GXC9zBYbwr5SJ2', 'PaymentDone', 'plan_GSQCkEc344j1JU', 5, 0, '2020-02-10 18:30:00', '2020-02-10 18:30:00', '2020-01-12 09:20:18', '2020-01-12 09:20:18'),
(5, 10, 'upticks.io@gmail.com', 'sub_GXCBGL5vcIuTtV', 'PaymentDone', 'plan_GSQB4nqOJPNamT', 10, 0, '2020-02-10 18:30:00', '2020-02-10 18:30:00', '2020-01-12 09:21:42', '2020-01-12 09:21:43'),
(6, 5, 'upticks.io@gmail.com', 'sub_GXNGzBzG1NVssL', 'PaymentDone', 'plan_GSQLWvdYPjkcGJ', 1, 0, '2020-02-11 18:30:00', '2020-02-11 18:30:00', '2020-01-12 20:49:04', '2020-01-12 20:49:04'),
(7, 5, 'upticks.io@gmail.com', 'sub_GXNL0aFOhcCrwW', 'PaymentDone', 'plan_GSQLWvdYPjkcGJ', 1, 0, '2020-02-11 18:30:00', '2020-02-11 18:30:00', '2020-01-12 20:54:02', '2020-01-12 20:54:02'),
(8, 5, 'upticks.io@gmail.com', 'sub_GXNgTToxCKiRH6', 'PaymentDone', 'plan_GSQCkEc344j1JU', 5, 1, '2020-02-11 18:30:00', '2020-02-11 18:30:00', '2020-01-12 21:14:50', '2020-01-12 21:14:50'),
(9, 5, 'upticks.io@gmail.com', 'sub_GXbf6sxxyRwYy6', 'PaymentDone', 'plan_GSQCkEc344j1JU', 5, 0, '2020-02-11 18:30:00', '2020-02-11 18:30:00', '2020-01-13 11:41:30', '2020-01-13 11:41:30'),
(10, 12, 'upticks.io@gmail.com', 'sub_GXfP7hs2ykXVwY', 'PaymentDone', 'plan_GSQCkEc344j1JU', 5, 0, '2020-02-11 18:30:00', '2020-02-11 18:30:00', '2020-01-13 15:34:05', '2020-01-13 15:34:06');

-- --------------------------------------------------------

--
-- Table structure for table `users`
--

CREATE TABLE `users` (
  `id` int(10) UNSIGNED NOT NULL,
  `type` int(4) NOT NULL DEFAULT 1 COMMENT '1:General User, 2: Admin, 3: Cleaner',
  `name` varchar(255) COLLATE utf8mb4_unicode_ci NOT NULL,
  `email` varchar(255) COLLATE utf8mb4_unicode_ci NOT NULL,
  `details` text COLLATE utf8mb4_unicode_ci DEFAULT NULL,
  `stripe_emailid` varchar(255) COLLATE utf8mb4_unicode_ci DEFAULT NULL,
  `email_verified_at` timestamp NULL DEFAULT NULL,
  `password` varchar(255) COLLATE utf8mb4_unicode_ci DEFAULT NULL,
  `remember_token` varchar(100) COLLATE utf8mb4_unicode_ci DEFAULT NULL,
  `phone_number` varchar(20) COLLATE utf8mb4_unicode_ci DEFAULT NULL,
  `phone_number_verified` tinyint(4) NOT NULL DEFAULT 0,
  `location_id` varchar(255) COLLATE utf8mb4_unicode_ci NOT NULL DEFAULT '0',
  `created_at` timestamp NULL DEFAULT NULL,
  `updated_at` timestamp NULL DEFAULT NULL,
  `stripe_id` varchar(255) COLLATE utf8mb4_unicode_ci DEFAULT NULL,
  `card_brand` varchar(255) COLLATE utf8mb4_unicode_ci DEFAULT NULL,
  `card_last_four` varchar(4) COLLATE utf8mb4_unicode_ci DEFAULT NULL,
  `trial_ends_at` timestamp NULL DEFAULT NULL,
  `profile_image` varchar(255) COLLATE utf8mb4_unicode_ci DEFAULT 'profile.png',
  `govtid` varchar(255) COLLATE utf8mb4_unicode_ci DEFAULT 'govtid.jpg',
  `govtid_verified` tinyint(4) NOT NULL DEFAULT 0,
  `gender` tinyint(4) NOT NULL DEFAULT 1 COMMENT '1:Male, 2:Female, 3:Other',
  `dob` date DEFAULT NULL,
  `rating` decimal(10,2) NOT NULL DEFAULT 0.00,
  `total_review` int(11) NOT NULL DEFAULT 0,
  `task_complete` int(11) NOT NULL DEFAULT 0,
  `google_id` varchar(255) COLLATE utf8mb4_unicode_ci DEFAULT NULL,
  `facebook_id` varchar(255) COLLATE utf8mb4_unicode_ci DEFAULT NULL,
  `total_earning` decimal(10,2) NOT NULL DEFAULT 0.00,
  `bank_details` text COLLATE utf8mb4_unicode_ci DEFAULT NULL,
  `paypal_details` text COLLATE utf8mb4_unicode_ci DEFAULT NULL,
  `payooneer_prepaid_details` text COLLATE utf8mb4_unicode_ci DEFAULT NULL,
  `venmo_details` text COLLATE utf8mb4_unicode_ci DEFAULT NULL,
  `email_notification` tinyint(4) NOT NULL DEFAULT 0,
  `text_notification` tinyint(4) NOT NULL DEFAULT 0,
  `phone_notification` tinyint(4) NOT NULL DEFAULT 0,
  `preference_notification` tinyint(4) NOT NULL DEFAULT 1,
  `speaks` varchar(25) COLLATE utf8mb4_unicode_ci NOT NULL DEFAULT 'english',
  `address` text COLLATE utf8mb4_unicode_ci DEFAULT NULL,
  `selfie` tinyint(4) NOT NULL DEFAULT 0,
  `selfie_img` varchar(255) COLLATE utf8mb4_unicode_ci DEFAULT NULL
) ENGINE=InnoDB DEFAULT CHARSET=utf8mb4 COLLATE=utf8mb4_unicode_ci;

--
-- Dumping data for table `users`
--

INSERT INTO `users` (`id`, `type`, `name`, `email`, `details`, `stripe_emailid`, `email_verified_at`, `password`, `remember_token`, `phone_number`, `phone_number_verified`, `location_id`, `created_at`, `updated_at`, `stripe_id`, `card_brand`, `card_last_four`, `trial_ends_at`, `profile_image`, `govtid`, `govtid_verified`, `gender`, `dob`, `rating`, `total_review`, `task_complete`, `google_id`, `facebook_id`, `total_earning`, `bank_details`, `paypal_details`, `payooneer_prepaid_details`, `venmo_details`, `email_notification`, `text_notification`, `phone_notification`, `preference_notification`, `speaks`, `address`, `selfie`, `selfie_img`) VALUES
(1, 2, 'Admin Jhon Cronie', 'support@test.com', 'loren ipsum', NULL, NULL, '$2y$10$sWxi0a.RHXpKSiMjvD5fsOaxxhfEglbISZHV3EK44WLF7XWu.y9ly', NULL, NULL, 0, '1', '2019-12-14 15:12:36', '2019-12-14 15:31:40', NULL, NULL, NULL, NULL, 'profile.png', 'govtid.png', 0, 1, '2000-01-01', '0.00', 0, 0, NULL, NULL, '0.00', 'ubi bank', 'test@paypal.com', 'tesst payooneer', 'testt ven', 0, 0, 0, 1, 'english', NULL, 0, NULL),
(2, 3, 'Riyan Cronie', 'riyan04314@gmail.com', NULL, NULL, '2020-01-11 10:57:30', '$2y$10$E5Ody8N/qO9m7y.n1YXrfua7OR/FvHAFw9niY2WrpIXGCWAwKKpEG', NULL, '09830135552', 0, '1', '2020-01-11 10:57:30', '2020-01-16 10:52:54', NULL, NULL, NULL, NULL, '2661578760210.jpg', '2801578760210.jpg', 0, 1, '1998-08-15', '0.00', 0, 0, '109767939518472727615', NULL, '0.00', 'ubi bank', 'test@paypal.tes', 'tesst payooneerfdgfdg331333', 'testt ven4444555444', 1, 0, 1, 3, 'english', 'New Jersey, New Old Road', 0, NULL),
(3, 3, 'Riya 002', 'cleaner04@gmail.com', NULL, NULL, NULL, '$2y$10$E5Ody8N/qO9m7y.n1YXrfua7OR/FvHAFw9niY2WrpIXGCWAwKKpEG', NULL, '08745214587', 0, '1', '2020-01-11 11:27:50', '2020-01-31 12:01:16', NULL, NULL, NULL, NULL, '2101578761934.png', 'govtid.jpg', 0, 1, '1970-01-01', '0.00', 0, 0, NULL, NULL, '0.00', 'SBI A/C', 'test@paypal.ted', 'erte et er', 'retert etet', 0, 1, 0, 2, 'english', 'New Jersey, New Old Road', 0, NULL),
(4, 3, 'Cleaner 01', 'test@gmail.com', NULL, NULL, '2020-01-11 11:32:37', NULL, NULL, '09830119552', 0, '1', '2020-01-11 11:32:37', '2020-01-16 21:12:38', NULL, NULL, NULL, NULL, '3921578762346.png', 'govtid.jpg', 0, 1, '1970-01-01', '5.00', 1, 1, NULL, '1975710852462998000', '0.00', NULL, NULL, NULL, NULL, 0, 0, 0, 1, 'english', 'fdfgfdg', 0, NULL),
(5, 1, 'Customer 01', 'customer01@gmail.com', NULL, NULL, NULL, '$2y$10$rgCnMucRmzTiJ5XUMYe/Ve6Bktt4wWqnO5jbatcPVJ3wMTKWp3PIe', NULL, '12345678', 0, '1', '2020-01-11 19:50:48', '2020-01-31 23:07:54', NULL, NULL, NULL, NULL, '9201580531874.jpeg', 'govtid.jpg', 0, 1, NULL, '0.00', 0, 0, NULL, NULL, '0.00', NULL, NULL, NULL, NULL, 0, 0, 0, 1, 'english', 'NewYork', 0, NULL),
(6, 3, 'Cleaner R', 'cleaner03@gmail.com', NULL, NULL, '2020-01-11 21:46:35', NULL, NULL, NULL, 0, '1', '2020-01-11 21:46:35', '2020-01-16 21:06:55', NULL, NULL, NULL, NULL, '6511578799021.jpg', '5531578799021.jpg', 0, 1, '1970-01-01', '4.00', 2, 2, '115110689231823419629000', NULL, '0.00', NULL, NULL, NULL, NULL, 0, 0, 0, 1, 'english', 'Derf', 0, NULL),
(7, 1, 'Customer 2', 'customer02@gmail.com', NULL, NULL, NULL, '$2y$10$ftsa7E/JEaaxlM2eBlH04Oss6ojyLU31a6aM7Sfnnd5UPACVE8DO2', NULL, '242343434', 0, '1', '2020-01-11 21:50:50', '2020-01-11 21:50:50', NULL, NULL, NULL, NULL, 'profile.png', 'govtid.jpg', 0, 1, NULL, '0.00', 0, 0, NULL, NULL, '0.00', NULL, NULL, NULL, NULL, 0, 0, 0, 1, 'english', NULL, 0, NULL),
(8, 1, 'Cust 03', 'customer03@gmail.com', NULL, NULL, NULL, '$2y$10$p/nH1ZxO5f0kdwN/0dLRGeyAiFgAqzChYf2wk1Dc43uKKdKkWyVZm', NULL, '12345678', 0, '1', '2020-01-12 09:18:25', '2020-01-12 09:18:25', NULL, NULL, NULL, NULL, 'profile.png', 'govtid.jpg', 0, 1, NULL, '0.00', 0, 0, NULL, NULL, '0.00', NULL, NULL, NULL, NULL, 0, 0, 0, 1, 'english', NULL, 0, NULL),
(9, 1, 'Cust 04', 'customer04@gmail.com', NULL, NULL, NULL, '$2y$10$AsYDAJMKUmwKLMwFieZuVu/yDtbvK2liCBrw18Yzm4j8BGRItr/d6', NULL, '114455221', 0, '1', '2020-01-12 09:20:18', '2020-01-12 09:20:18', NULL, NULL, NULL, NULL, 'profile.png', 'govtid.jpg', 0, 1, NULL, '0.00', 0, 0, NULL, NULL, '0.00', NULL, NULL, NULL, NULL, 0, 0, 0, 1, 'english', NULL, 0, NULL),
(10, 1, 'Custo 05', 'customer05@gmail.com', NULL, NULL, NULL, '$2y$10$cixRC2CENRIeAmvVAHdF5eKnCHIhZL2rEK2u9YATpJ5io4B.mwypG', NULL, '1122334455', 0, '1', '2020-01-12 09:21:43', '2020-01-12 09:21:43', NULL, NULL, NULL, NULL, 'profile.png', 'govtid.jpg', 0, 1, NULL, '0.00', 0, 0, NULL, NULL, '0.00', NULL, NULL, NULL, NULL, 0, 0, 0, 1, 'english', NULL, 0, NULL),
(11, 1, 'Hugh Russel', 'corimcillece@gmail.com', NULL, NULL, NULL, '$2y$10$70SvkncukoJbpw.H9sZFc.xTlqOHDP4KMfbOQQGfqXtOPXEVqcLiS', NULL, '263-987-2536', 0, '1', '2020-01-13 03:21:47', '2020-01-13 03:21:47', NULL, NULL, NULL, NULL, 'profile.png', 'govtid.jpg', 0, 1, NULL, '0.00', 0, 0, NULL, NULL, '0.00', NULL, NULL, NULL, NULL, 0, 0, 0, 1, 'english', NULL, 0, NULL),
(12, 1, 'Jhon', 'customer003@gmail.com', NULL, NULL, NULL, '$2y$10$3zV1vnBbKiCXaEugdIobze8ZG7n4npTKvQdYtL0OqHDgkGEEQtsrm', NULL, '123456789', 0, '1', '2020-01-13 15:34:06', '2020-01-13 15:34:06', NULL, NULL, NULL, NULL, 'profile.png', 'govtid.jpg', 0, 1, NULL, '0.00', 0, 0, NULL, NULL, '0.00', NULL, NULL, NULL, NULL, 0, 0, 0, 1, 'english', NULL, 0, NULL),
(13, 1, 'Princess Erdman', 'robert@worldplazagroup.com', NULL, NULL, NULL, '$2y$10$BIc6rt9h0vhmPRmYiQ85neJ78iR5GqmS7o7qVycO8as23TSa9Cfhi', NULL, '1-037-931-7006 x883', 0, '1', '2020-01-14 14:51:32', '2020-01-14 14:51:32', NULL, NULL, NULL, NULL, 'profile.png', 'govtid.jpg', 0, 1, NULL, '0.00', 0, 0, NULL, NULL, '0.00', NULL, NULL, NULL, NULL, 0, 0, 0, 1, 'english', NULL, 0, NULL),
(14, 1, 'Wilma Bode', 'akz@shaw.ca', NULL, NULL, NULL, '$2y$10$fLTzuPcHhy/t8RPVKN4ATO2qDc9cPI5Lpv.of/9YsLlUgGOXKWAPK', NULL, '578-479-1302 x32080', 0, '1', '2020-01-15 17:11:08', '2020-01-15 17:11:08', NULL, NULL, NULL, NULL, 'profile.png', 'govtid.jpg', 0, 1, NULL, '0.00', 0, 0, NULL, NULL, '0.00', NULL, NULL, NULL, NULL, 0, 0, 0, 1, 'english', NULL, 0, NULL),
(15, 3, 'Cleaner044', 'cleaner044@gmail.com', NULL, NULL, NULL, '$2y$10$ak1atYaZzczXO012JyDkYeSxAx.uJHavxzJj8RYQeYryPgvFWN5Gu', NULL, '1452145214', 0, '1', '2020-01-24 15:32:35', '2020-01-24 16:42:42', NULL, NULL, NULL, NULL, '8141579903962.jpg', 'govtid.jpg', 0, 1, '1970-01-01', '0.00', 0, 0, NULL, NULL, '0.00', NULL, NULL, NULL, NULL, 0, 0, 0, 1, 'english', NULL, 0, NULL),
(16, 3, 'Cleaner0046', 'cleaner046@gmail.com', NULL, NULL, NULL, '$2y$10$b1k3BDWp2iINjaYcnUMWOuJwsrkXYccGcBsHw.aA4MGAsK1Ts3sFe', NULL, '1234123412', 0, '1', '2020-01-24 15:59:30', '2020-01-24 15:59:30', NULL, NULL, NULL, NULL, 'profile.png', 'govtid.jpg', 0, 1, NULL, '0.00', 0, 0, NULL, NULL, '0.00', NULL, NULL, NULL, NULL, 0, 0, 0, 1, 'english', NULL, 0, NULL),
(17, 3, 'cleaner 0047', 'cleaner0047@gmail.com', NULL, NULL, NULL, '$2y$10$Vhf60R93Yd2JdzgOOzBQAuqDEI83yJwGakaI2T4R3xI7GoQnFQj.m', NULL, '1452145214', 0, '1', '2020-01-24 16:39:21', '2020-01-24 16:47:03', NULL, NULL, NULL, NULL, '6201579904223.jpg', 'govtid.jpg', 0, 1, '1970-01-01', '0.00', 0, 0, NULL, NULL, '0.00', NULL, NULL, NULL, NULL, 0, 0, 0, 1, 'english', NULL, 0, NULL),
(18, 3, 'Rita Das', 'ritadasxsf@gmail.com', NULL, NULL, '2020-01-25 22:35:28', NULL, NULL, NULL, 0, '1', '2020-01-25 22:35:28', '2020-01-25 22:35:28', NULL, NULL, NULL, NULL, 'profile.png', 'govtid.jpg', 0, 1, NULL, '0.00', 0, 0, '115110689231823419629', NULL, '0.00', NULL, NULL, NULL, NULL, 0, 0, 0, 1, 'english', NULL, 0, NULL),
(19, 3, 'Rita Das', 'ritadasdff@gmail.com', NULL, NULL, '2020-01-25 23:04:09', NULL, NULL, NULL, 0, '1', '2020-01-25 23:04:09', '2020-01-25 23:04:09', NULL, NULL, NULL, NULL, 'profile.png', 'govtid.jpg', 0, 1, NULL, '0.00', 0, 0, '115110689231823419629', NULL, '0.00', NULL, NULL, NULL, NULL, 0, 0, 0, 1, 'english', NULL, 0, NULL),
(20, 3, 'Tester 84', 'tester4357912@gmail.com', NULL, NULL, '2020-01-25 23:06:25', NULL, NULL, NULL, 0, '1', '2020-01-25 23:06:25', '2020-01-25 23:06:25', NULL, NULL, NULL, NULL, 'profile.png', 'govtid.jpg', 0, 1, NULL, '0.00', 0, 0, NULL, '1975710852462998', '0.00', NULL, NULL, NULL, NULL, 0, 0, 0, 1, 'english', NULL, 0, NULL),
(21, 3, 'Rita Das', 'ritadas20@gmail.com', NULL, NULL, '2020-01-25 23:13:09', NULL, NULL, NULL, 0, '1', '2020-01-25 23:13:09', '2020-01-25 23:13:09', NULL, NULL, NULL, NULL, 'profile.png', 'govtid.jpg', 0, 1, NULL, '0.00', 0, 0, '115110689231823419629', NULL, '0.00', NULL, NULL, NULL, NULL, 0, 0, 0, 1, 'english', NULL, 0, NULL),
(22, 1, 'Angelita Upton', 'aliette.barjhoux@gmail.com', NULL, NULL, NULL, '$2y$10$0LmNtPB3UXrQHxbbsZjzHeMKmqGNc7WFdH4pDY97243keU8gfNybm', NULL, '552-149-2835 x1427', 0, '1', '2020-01-26 00:56:30', '2020-01-26 00:56:30', NULL, NULL, NULL, NULL, 'profile.png', 'govtid.jpg', 0, 1, NULL, '0.00', 0, 0, NULL, NULL, '0.00', NULL, NULL, NULL, NULL, 0, 0, 0, 1, 'english', NULL, 0, NULL);

-- --------------------------------------------------------

--
-- Table structure for table `users_messages`
--

CREATE TABLE `users_messages` (
  `id` int(11) NOT NULL,
  `sender_id` int(11) NOT NULL,
  `receiver_id` int(11) NOT NULL,
  `receiver_read` tinyint(4) NOT NULL DEFAULT 1,
  `sender_deleted` tinyint(4) NOT NULL DEFAULT 0,
  `sender_dtd` timestamp NULL DEFAULT NULL,
  `receiver_deleted` tinyint(4) NOT NULL DEFAULT 0,
  `receiver_dtd` timestamp NULL DEFAULT NULL,
  `admin_deleted` tinyint(4) NOT NULL DEFAULT 0,
  `admin_dtd` timestamp NULL DEFAULT NULL,
  `message` text NOT NULL,
  `created_at` timestamp NOT NULL DEFAULT current_timestamp() ON UPDATE current_timestamp(),
  `updated_at` timestamp NOT NULL DEFAULT current_timestamp()
) ENGINE=InnoDB DEFAULT CHARSET=latin1;

--
-- Dumping data for table `users_messages`
--

INSERT INTO `users_messages` (`id`, `sender_id`, `receiver_id`, `receiver_read`, `sender_deleted`, `sender_dtd`, `receiver_deleted`, `receiver_dtd`, `admin_deleted`, `admin_dtd`, `message`, `created_at`, `updated_at`) VALUES
(1, 5, 3, 0, 0, NULL, 0, NULL, 0, NULL, 'Loren Ipsum LorenIpsum Loren Ipsum txt Loren Ipsum hyper txtLoren Ipsum LorenIpsum Loren Ipsum txt Loren Ipsum hyper txt', '2020-02-01 13:08:17', '2020-02-01 07:38:17'),
(2, 5, 2, 0, 0, NULL, 0, NULL, 0, NULL, 'LorenIpsum  new content Lor LorenIpsum  new content Lor LorenIpsum  new content Lor LorenIpsum  new content Lor LorenIpsum  new content Lor enIpsum Loren Ipsum txt Lm txt Loren Ipsum hyper txt', '2020-02-01 05:29:29', '2020-01-31 23:59:29'),
(3, 5, 3, 0, 0, NULL, 0, NULL, 0, NULL, 'LorenIpsum  new content Lor LorenIpsum  new content Lor LorenIpsum  new content Lor LorenIpsum  new content Lor LorenIpsum  new content Lor enIpsum Loren Ipsum txt Lm txt Loren Ipsum hyper txt', '2020-02-01 13:08:17', '2020-02-01 07:38:17'),
(4, 5, 3, 0, 0, NULL, 0, NULL, 0, NULL, 'Loren Ipsum LorenIpsum Loren Ipsum txt Loren Ipsum hyper txtLoren Ipsum LorenIpsum Loren Ipsum txt Loren Ipsum hyper txt', '2020-02-01 13:08:17', '2020-02-01 07:38:17'),
(5, 5, 3, 0, 0, NULL, 0, NULL, 0, NULL, 'LorenIpsum  new content Lor LorenIpsum  new content Lor LorenIpsum  new content Lor LorenIpsum  new content Lor LorenIpsum  new content Lor enIpsum Loren Ipsum txt Lm txt Loren Ipsum hyper txt', '2020-02-01 13:08:17', '2020-02-01 07:38:17'),
(6, 5, 2, 0, 0, NULL, 0, NULL, 0, NULL, 'LorenIpsum  new content Lor LorenIpsum  new content Lor LorenIpsum  new content Lor LorenIpsum  new content Lor LorenIpsum  new content Lor enIpsum Loren Ipsum txt Lm txt Loren Ipsum hyper txt', '2020-02-01 05:29:29', '2020-01-31 23:59:29'),
(7, 5, 2, 0, 0, NULL, 0, NULL, 0, NULL, 'LorenIpsum  new content Lor LorenIpsum  new content Lor LorenIpsum  new content Lor LorenIpsum  new content Lor LorenIpsum  new content Lor enIpsum Loren Ipsum txt Lm txt Loren Ipsum hyper txt', '2020-02-01 05:29:29', '2020-01-31 23:59:29'),
(8, 5, 4, 1, 0, NULL, 0, NULL, 0, NULL, 'Loren Ipsum LorenIpsum Loren Ipsum txt Loren Ipsum hyper txtLoren Ipsum LorenIpsum Loren Ipsum txt Loren Ipsum hyper txt', '2020-01-18 21:15:36', '2020-01-18 15:40:16'),
(9, 5, 4, 1, 0, NULL, 0, NULL, 0, NULL, 'Loren Ipsum LorenIpsum Loren Ipsum txt Loren Ipsum hyper txtLoren Ipsum LorenIpsum Loren Ipsum txt Loren Ipsum hyper txt', '2020-01-18 21:15:36', '2020-01-18 15:40:27'),
(10, 5, 6, 1, 0, NULL, 0, NULL, 0, NULL, 'LorenIpsum  new content Lor LorenIpsum  new content Lor LorenIpsum  new content Lor LorenIpsum  new content Lor LorenIpsum  new content Lor enIpsum Loren Ipsum txt Lm txt Loren Ipsum hyper txt', '2020-01-18 21:16:21', '2020-01-18 15:41:24'),
(11, 5, 6, 1, 0, NULL, 0, NULL, 0, NULL, 'LorenIpsum  new content Lor LorenIpsum  new content Lor LorenIpsum  new content Lor LorenIpsum  new content Lor LorenIpsum  new content Lor enIpsum Loren Ipsum txt Lm txt Loren Ipsum hyper txt', '2020-01-18 21:16:21', '2020-01-18 15:41:41'),
(12, 5, 2, 0, 0, NULL, 0, NULL, 0, NULL, 'Loren Ipsum LorenIpsum Loren Ipsum txt Loren Ipsum hyper txtLoren Ipsum LorenIpsum Loren Ipsum txt Loren Ipsum hyper txt', '2020-02-01 05:29:29', '2020-01-31 23:59:29'),
(13, 5, 2, 0, 0, NULL, 0, NULL, 0, NULL, 'test', '2020-02-01 05:29:29', '2020-01-31 23:59:29'),
(14, 5, 2, 0, 0, NULL, 0, NULL, 0, NULL, 'testinggg', '2020-02-01 05:29:29', '2020-01-31 23:59:29'),
(15, 3, 5, 0, 0, NULL, 0, NULL, 0, NULL, 'hhhhe', '2020-02-01 13:08:17', '2020-02-01 07:38:17'),
(16, 3, 5, 0, 0, NULL, 0, NULL, 0, NULL, 'hhhhe', '2020-02-01 13:08:17', '2020-02-01 07:38:17'),
(17, 5, 3, 0, 0, NULL, 0, NULL, 0, NULL, 'ppppp', '2020-02-01 13:08:17', '2020-02-01 07:38:17'),
(18, 3, 5, 0, 0, NULL, 0, NULL, 0, NULL, 'hhhhe', '2020-02-01 13:08:17', '2020-02-01 07:38:17'),
(19, 3, 5, 0, 0, NULL, 0, NULL, 0, NULL, 'hhhhe', '2020-02-01 13:08:17', '2020-02-01 07:38:17'),
(20, 3, 5, 0, 0, NULL, 0, NULL, 0, NULL, 'dfhdfh', '2020-02-01 13:08:17', '2020-02-01 07:38:17'),
(21, 3, 5, 0, 0, NULL, 0, NULL, 0, NULL, 'pppp', '2020-02-01 13:08:17', '2020-02-01 07:38:17'),
(22, 2, 5, 0, 0, NULL, 0, NULL, 0, NULL, 'dddd', '2020-02-01 05:29:29', '2020-01-31 23:59:29'),
(23, 3, 5, 0, 0, NULL, 0, NULL, 0, NULL, 'xcvxcv', '2020-02-01 13:08:17', '2020-02-01 07:38:17'),
(24, 5, 3, 1, 0, NULL, 0, NULL, 0, NULL, 'xvxvxv', '2020-02-01 07:38:23', '2020-02-01 07:38:23');

--
-- Indexes for dumped tables
--

--
-- Indexes for table `address`
--
ALTER TABLE `address`
  ADD PRIMARY KEY (`id`),
  ADD KEY `location_id` (`location_id`),
  ADD KEY `user_id` (`user_id`);

--
-- Indexes for table `cleaner_calendar`
--
ALTER TABLE `cleaner_calendar`
  ADD PRIMARY KEY (`id`);

--
-- Indexes for table `cleaner_calendar_slot`
--
ALTER TABLE `cleaner_calendar_slot`
  ADD PRIMARY KEY (`id`);

--
-- Indexes for table `cust_review`
--
ALTER TABLE `cust_review`
  ADD PRIMARY KEY (`id`);

--
-- Indexes for table `cust_visit_cleaner_profile`
--
ALTER TABLE `cust_visit_cleaner_profile`
  ADD PRIMARY KEY (`id`);

--
-- Indexes for table `failed_jobs`
--
ALTER TABLE `failed_jobs`
  ADD PRIMARY KEY (`id`);

--
-- Indexes for table `locations`
--
ALTER TABLE `locations`
  ADD PRIMARY KEY (`id`);

--
-- Indexes for table `migrations`
--
ALTER TABLE `migrations`
  ADD PRIMARY KEY (`id`);

--
-- Indexes for table `password_resets`
--
ALTER TABLE `password_resets`
  ADD KEY `password_resets_email_index` (`email`);

--
-- Indexes for table `plans`
--
ALTER TABLE `plans`
  ADD PRIMARY KEY (`id`),
  ADD UNIQUE KEY `plans_slug_unique` (`slug`);

--
-- Indexes for table `schedule_calendar`
--
ALTER TABLE `schedule_calendar`
  ADD PRIMARY KEY (`id`);

--
-- Indexes for table `schedule_cleaner_calendar`
--
ALTER TABLE `schedule_cleaner_calendar`
  ADD PRIMARY KEY (`id`);

--
-- Indexes for table `schedule_cust_calendar`
--
ALTER TABLE `schedule_cust_calendar`
  ADD PRIMARY KEY (`id`);

--
-- Indexes for table `schedule_cust_calendar_request`
--
ALTER TABLE `schedule_cust_calendar_request`
  ADD PRIMARY KEY (`id`);

--
-- Indexes for table `subscriptions`
--
ALTER TABLE `subscriptions`
  ADD PRIMARY KEY (`id`),
  ADD KEY `subscriptions_user_id_stripe_status_index` (`user_id`,`stripe_status`);

--
-- Indexes for table `users`
--
ALTER TABLE `users`
  ADD PRIMARY KEY (`id`),
  ADD UNIQUE KEY `users_email_unique` (`email`),
  ADD KEY `users_stripe_id_index` (`stripe_id`);

--
-- Indexes for table `users_messages`
--
ALTER TABLE `users_messages`
  ADD PRIMARY KEY (`id`);

--
-- AUTO_INCREMENT for dumped tables
--

--
-- AUTO_INCREMENT for table `address`
--
ALTER TABLE `address`
  MODIFY `id` int(10) UNSIGNED NOT NULL AUTO_INCREMENT, AUTO_INCREMENT=41;

--
-- AUTO_INCREMENT for table `cleaner_calendar`
--
ALTER TABLE `cleaner_calendar`
  MODIFY `id` bigint(20) UNSIGNED NOT NULL AUTO_INCREMENT, AUTO_INCREMENT=36;

--
-- AUTO_INCREMENT for table `cleaner_calendar_slot`
--
ALTER TABLE `cleaner_calendar_slot`
  MODIFY `id` bigint(20) UNSIGNED NOT NULL AUTO_INCREMENT, AUTO_INCREMENT=273;

--
-- AUTO_INCREMENT for table `cust_review`
--
ALTER TABLE `cust_review`
  MODIFY `id` int(10) UNSIGNED NOT NULL AUTO_INCREMENT;

--
-- AUTO_INCREMENT for table `cust_visit_cleaner_profile`
--
ALTER TABLE `cust_visit_cleaner_profile`
  MODIFY `id` bigint(20) UNSIGNED NOT NULL AUTO_INCREMENT, AUTO_INCREMENT=21;

--
-- AUTO_INCREMENT for table `failed_jobs`
--
ALTER TABLE `failed_jobs`
  MODIFY `id` bigint(20) UNSIGNED NOT NULL AUTO_INCREMENT;

--
-- AUTO_INCREMENT for table `locations`
--
ALTER TABLE `locations`
  MODIFY `id` int(10) UNSIGNED NOT NULL AUTO_INCREMENT, AUTO_INCREMENT=8;

--
-- AUTO_INCREMENT for table `migrations`
--
ALTER TABLE `migrations`
  MODIFY `id` int(10) UNSIGNED NOT NULL AUTO_INCREMENT, AUTO_INCREMENT=10;

--
-- AUTO_INCREMENT for table `plans`
--
ALTER TABLE `plans`
  MODIFY `id` int(10) UNSIGNED NOT NULL AUTO_INCREMENT, AUTO_INCREMENT=3;

--
-- AUTO_INCREMENT for table `schedule_calendar`
--
ALTER TABLE `schedule_calendar`
  MODIFY `id` int(10) UNSIGNED NOT NULL AUTO_INCREMENT;

--
-- AUTO_INCREMENT for table `schedule_cleaner_calendar`
--
ALTER TABLE `schedule_cleaner_calendar`
  MODIFY `id` int(10) UNSIGNED NOT NULL AUTO_INCREMENT;

--
-- AUTO_INCREMENT for table `schedule_cust_calendar`
--
ALTER TABLE `schedule_cust_calendar`
  MODIFY `id` int(11) NOT NULL AUTO_INCREMENT, AUTO_INCREMENT=26;

--
-- AUTO_INCREMENT for table `schedule_cust_calendar_request`
--
ALTER TABLE `schedule_cust_calendar_request`
  MODIFY `id` bigint(20) UNSIGNED NOT NULL AUTO_INCREMENT, AUTO_INCREMENT=11;

--
-- AUTO_INCREMENT for table `subscriptions`
--
ALTER TABLE `subscriptions`
  MODIFY `id` bigint(20) UNSIGNED NOT NULL AUTO_INCREMENT, AUTO_INCREMENT=11;

--
-- AUTO_INCREMENT for table `users`
--
ALTER TABLE `users`
  MODIFY `id` int(10) UNSIGNED NOT NULL AUTO_INCREMENT, AUTO_INCREMENT=23;

--
-- AUTO_INCREMENT for table `users_messages`
--
ALTER TABLE `users_messages`
  MODIFY `id` int(11) NOT NULL AUTO_INCREMENT, AUTO_INCREMENT=25;

--
-- Constraints for dumped tables
--

--
-- Constraints for table `address`
--
ALTER TABLE `address`
  ADD CONSTRAINT `address_ibfk_1` FOREIGN KEY (`location_id`) REFERENCES `locations` (`id`),
  ADD CONSTRAINT `address_ibfk_2` FOREIGN KEY (`user_id`) REFERENCES `users` (`id`);
COMMIT;

/*!40101 SET CHARACTER_SET_CLIENT=@OLD_CHARACTER_SET_CLIENT */;
/*!40101 SET CHARACTER_SET_RESULTS=@OLD_CHARACTER_SET_RESULTS */;
/*!40101 SET COLLATION_CONNECTION=@OLD_COLLATION_CONNECTION */;
